{"network": "transformer_lm_gpt3_small", "alg": null, "batch_size": 1, "batch_time": 0.095935, "ips": 10.423718, "peak_mem": 3006777856, "tstamp": 1659502047.77}
{"network": "transformer_lm_gpt3_small", "alg": null, "batch_size": 2, "batch_time": 0.123191, "ips": 16.235011, "peak_mem": 3570813952, "tstamp": 1659502072.15}
{"network": "transformer_lm_gpt3_small", "alg": null, "batch_size": 3, "batch_time": 0.153324, "ips": 19.566382, "peak_mem": 4241196032, "tstamp": 1659502098.69}
{"network": "transformer_lm_gpt3_small", "alg": null, "batch_size": 4, "batch_time": 0.186684, "ips": 21.426562, "peak_mem": 4889820160, "tstamp": 1659502128.03}
{"network": "transformer_lm_gpt3_small", "alg": null, "batch_size": 5, "batch_time": 0.219633, "ips": 22.765227, "peak_mem": 5553722368, "tstamp": 1659502159.8}
{"network": "transformer_lm_gpt3_small", "alg": null, "batch_size": 6, "batch_time": 0.251787, "ips": 23.829649, "peak_mem": 6206663680, "tstamp": 1659502194.14}
{"network": "transformer_lm_gpt3_small", "alg": null, "batch_size": 7, "batch_time": 0.285426, "ips": 24.524726, "peak_mem": 6877889536, "tstamp": 1659502231.39}
{"network": "transformer_lm_gpt3_small", "alg": null, "batch_size": 8, "batch_time": 0.316176, "ips": 25.302346, "peak_mem": 7529143296, "tstamp": 1659502271.12}
{"network": "transformer_lm_gpt3_small", "alg": null, "batch_size": 9, "batch_time": 0.351224, "ips": 25.624674, "peak_mem": 8198353920, "tstamp": 1659502313.61}
{"network": "transformer_lm_gpt3_small", "alg": null, "batch_size": 10, "batch_time": 0.384804, "ips": 25.987279, "peak_mem": 8845331456, "tstamp": 1659502358.38}
{"network": "transformer_lm_gpt3_small", "alg": null, "batch_size": 11, "batch_time": 0.423936, "ips": 25.947318, "peak_mem": 9521890304, "tstamp": 1659502406.24}
{"network": "transformer_lm_gpt3_small", "alg": null, "batch_size": 12, "batch_time": 0.45473, "ips": 26.389301, "peak_mem": 10166017024, "tstamp": 1659502456.55}
{"network": "transformer_lm_gpt3_small", "alg": null, "batch_size": 13, "batch_time": 0.484132, "ips": 26.852189, "peak_mem": 10846843904, "tstamp": 1659502509.77}
{"network": "transformer_lm_gpt3_small", "alg": null, "batch_size": 14, "batch_time": 0.520704, "ips": 26.886694, "peak_mem": 11486522368, "tstamp": 1659502565.92}
{"network": "transformer_lm_gpt3_small", "alg": null, "batch_size": 15, "batch_time": 0.555938, "ips": 26.981435, "peak_mem": 12180268032, "tstamp": 1659502624.84}
{"network": "transformer_lm_gpt3_small", "alg": null, "batch_size": 16, "batch_time": 0.591088, "ips": 27.068743, "peak_mem": 12806216704, "tstamp": 1659502686.62}
{"network": "transformer_lm_gpt3_small", "alg": null, "batch_size": 17, "batch_time": 0.625419, "ips": 27.181785, "peak_mem": 13484725248, "tstamp": 1659502751.2}
{"network": "transformer_lm_gpt3_small", "alg": "ckpt", "batch_size": 1, "batch_time": 0.107099, "ips": 9.337135, "peak_mem": 2993408512, "tstamp": 1659502824.91}
{"network": "transformer_lm_gpt3_small", "alg": "ckpt", "batch_size": 2, "batch_time": 0.147198, "ips": 13.587184, "peak_mem": 3005864448, "tstamp": 1659502851.25}
{"network": "transformer_lm_gpt3_small", "alg": "ckpt", "batch_size": 3, "batch_time": 0.187967, "ips": 15.960218, "peak_mem": 3207660544, "tstamp": 1659502880.5}
{"network": "transformer_lm_gpt3_small", "alg": "ckpt", "batch_size": 4, "batch_time": 0.23326, "ips": 17.14824, "peak_mem": 3525950464, "tstamp": 1659502913.52}
{"network": "transformer_lm_gpt3_small", "alg": "ckpt", "batch_size": 5, "batch_time": 0.277168, "ips": 18.039594, "peak_mem": 3846861824, "tstamp": 1659502949.7}
{"network": "transformer_lm_gpt3_small", "alg": "ckpt", "batch_size": 6, "batch_time": 0.319798, "ips": 18.761851, "peak_mem": 4167937024, "tstamp": 1659502989.24}
{"network": "transformer_lm_gpt3_small", "alg": "ckpt", "batch_size": 7, "batch_time": 0.367792, "ips": 19.032496, "peak_mem": 4488758272, "tstamp": 1659503032.91}
{"network": "transformer_lm_gpt3_small", "alg": "ckpt", "batch_size": 8, "batch_time": 0.407313, "ips": 19.640906, "peak_mem": 4807695360, "tstamp": 1659503079.71}
{"network": "transformer_lm_gpt3_small", "alg": "ckpt", "batch_size": 9, "batch_time": 0.447096, "ips": 20.12989, "peak_mem": 5128729600, "tstamp": 1659503129.71}
{"network": "transformer_lm_gpt3_small", "alg": "ckpt", "batch_size": 10, "batch_time": 0.494089, "ips": 20.239264, "peak_mem": 5447453696, "tstamp": 1659503182.92}
{"network": "transformer_lm_gpt3_small", "alg": "ckpt", "batch_size": 11, "batch_time": 0.549869, "ips": 20.004781, "peak_mem": 5767447552, "tstamp": 1659503240.56}
{"network": "transformer_lm_gpt3_small", "alg": "ckpt", "batch_size": 12, "batch_time": 0.593938, "ips": 20.204129, "peak_mem": 6089374720, "tstamp": 1659503301.63}
{"network": "transformer_lm_gpt3_small", "alg": "ckpt", "batch_size": 13, "batch_time": 0.630474, "ips": 20.619409, "peak_mem": 6407582720, "tstamp": 1659503366.24}
{"network": "transformer_lm_gpt3_small", "alg": "ckpt", "batch_size": 14, "batch_time": 0.674345, "ips": 20.760879, "peak_mem": 6728682496, "tstamp": 1659503434.33}
{"network": "transformer_lm_gpt3_small", "alg": "ckpt", "batch_size": 15, "batch_time": 0.718578, "ips": 20.874571, "peak_mem": 7047668736, "tstamp": 1659503505.9}
{"network": "transformer_lm_gpt3_small", "alg": "ckpt", "batch_size": 16, "batch_time": 0.769669, "ips": 20.788169, "peak_mem": 7368801280, "tstamp": 1659503581.64}
{"network": "transformer_lm_gpt3_small", "alg": "ckpt", "batch_size": 17, "batch_time": 0.819192, "ips": 20.752157, "peak_mem": 7687730176, "tstamp": 1659503661.33}
{"network": "transformer_lm_gpt3_small", "alg": "ckpt", "batch_size": 18, "batch_time": 0.864333, "ips": 20.825305, "peak_mem": 8010820608, "tstamp": 1659503744.68}
{"network": "transformer_lm_gpt3_small", "alg": "ckpt", "batch_size": 19, "batch_time": 0.900542, "ips": 21.098412, "peak_mem": 8329749504, "tstamp": 1659503830.89}
{"network": "transformer_lm_gpt3_small", "alg": "ckpt", "batch_size": 20, "batch_time": 0.949269, "ips": 21.068843, "peak_mem": 8650218496, "tstamp": 1659503920.92}
{"network": "transformer_lm_gpt3_small", "alg": "ckpt", "batch_size": 21, "batch_time": 1.029745, "ips": 20.39339, "peak_mem": 8969507840, "tstamp": 1659504016.34}
{"network": "transformer_lm_gpt3_small", "alg": "ckpt", "batch_size": 22, "batch_time": 1.064713, "ips": 20.662845, "peak_mem": 9289616384, "tstamp": 1659504114.48}
{"network": "transformer_lm_gpt3_small", "alg": "ckpt", "batch_size": 23, "batch_time": 1.113729, "ips": 20.65134, "peak_mem": 9609266176, "tstamp": 1659504216.51}
{"network": "transformer_lm_gpt3_small", "alg": "ckpt", "batch_size": 24, "batch_time": 1.162167, "ips": 20.651069, "peak_mem": 9929407488, "tstamp": 1659504322.37}
{"network": "transformer_lm_gpt3_small", "alg": "ckpt", "batch_size": 25, "batch_time": 1.200662, "ips": 20.82185, "peak_mem": 10250621952, "tstamp": 1659504432.42}
{"network": "transformer_lm_gpt3_small", "alg": "ckpt", "batch_size": 26, "batch_time": 1.276022, "ips": 20.37582, "peak_mem": 10569886720, "tstamp": 1659504547.23}
{"network": "transformer_lm_gpt3_small", "alg": "ckpt", "batch_size": 27, "batch_time": 1.322317, "ips": 20.418706, "peak_mem": 10892469248, "tstamp": 1659504665.67}
{"network": "transformer_lm_gpt3_small", "alg": "ckpt", "batch_size": 28, "batch_time": 1.38074, "ips": 20.278977, "peak_mem": 11210079232, "tstamp": 1659504788.72}
{"network": "transformer_lm_gpt3_small", "alg": "ckpt", "batch_size": 29, "batch_time": 1.400093, "ips": 20.712912, "peak_mem": 11530990592, "tstamp": 1659504914.74}
{"network": "transformer_lm_gpt3_small", "alg": "ckpt", "batch_size": 30, "batch_time": 1.450546, "ips": 20.681866, "peak_mem": 11851803648, "tstamp": 1659505044.77}
{"network": "transformer_lm_gpt3_small", "alg": "ckpt", "batch_size": 31, "batch_time": 1.520247, "ips": 20.391417, "peak_mem": 12172387328, "tstamp": 1659505180.29}
{"network": "transformer_lm_gpt3_small", "alg": "ckpt", "batch_size": 32, "batch_time": 1.546682, "ips": 20.689448,