{"network": "transformer_lm_gpt3_small", "alg": null, "batch_size": 4, "batch_time": 0.076068, "ips": 52.584374, "peak_mem": 12641552384, "tstamp": 1665060850.54}
{"network": "transformer_lm_gpt3_small", "alg": null, "batch_size": 8, "batch_time": 0.077035, "ips": 103.849067, "peak_mem": 15290255360, "tstamp": 1665060884.09}
{"network": "transformer_lm_gpt3_small", "alg": null, "batch_size": 12, "batch_time": 0.079257, "ips": 151.406852, "peak_mem": 17966712832, "tstamp": 1665060917.61}
{"network": "transformer_lm_gpt3_small", "alg": null, "batch_size": 16, "batch_time": 0.086152, "ips": 185.718318, "peak_mem": 20552347648, "tstamp": 1665060951.98}
{"network": "transformer_lm_gpt3_small", "alg": null, "batch_size": 20, "batch_time": 0.092173, "ips": 216.983844, "peak_mem": 23269849088, "tstamp": 1665060985.57}
{"network": "transformer_lm_gpt3_small", "alg": null, "batch_size": 24, "batch_time": 0.098476, "ips": 243.713723, "peak_mem": 25832714240, "tstamp": 1665061020.99}
{"network": "transformer_lm_gpt3_small", "alg": null, "batch_size": 28, "batch_time": 0.112574, "ips": 248.725652, "peak_mem": 28563044352, "tstamp": 1665061057.69}
{"network": "transformer_lm_gpt3_small", "alg": null, "batch_size": 32, "batch_time": 0.121172, "ips": 264.086649, "peak_mem": 31112538112, "tstamp": 1665061095.32}
{"network": "transformer_lm_gpt3_small", "alg": null, "batch_size": 36, "batch_time": 0.128864, "ips": 279.363425, "peak_mem": 33826410496, "tstamp": 1665061133.5}
{"network": "transformer_lm_gpt3_small", "alg": null, "batch_size": 40, "batch_time": 0.139638, "ips": 286.455534, "peak_mem": 36396273664, "tstamp": 1665061172.43}
{"network": "transformer_lm_gpt3_small", "alg": null, "batch_size": 44, "batch_time": 0.150233, "ips": 292.878231, "peak_mem": 39127879680, "tstamp": 1665061211.69}
{"network": "transformer_lm_gpt3_small", "alg": null, "batch_size": 48, "batch_time": 0.158522, "ips": 302.796864, "peak_mem": 41686863872, "tstamp": 1665061251.54}
{"network": "transformer_lm_gpt3_small", "alg": null, "batch_size": 52, "batch_time": 0.166894, "ips": 311.574661, "peak_mem": 44435968000, "tstamp": 1665061292.02}
{"network": "transformer_lm_gpt3_small", "alg": null, "batch_size": 56, "batch_time": 0.179651, "ips": 311.7157, "peak_mem": 46964307968, "tstamp": 1665061334.48}
{"network": "transformer_lm_gpt3_small", "alg": null, "batch_size": 60, "batch_time": 0.188847, "ips": 317.718195, "peak_mem": 49670760448, "tstamp": 1665061376.86}
{"network": "transformer_lm_gpt3_small", "alg": null, "batch_size": 64, "batch_time": 0.198431, "ips": 322.530861, "peak_mem": 52235053056, "tstamp": 1665061420.95}
{"network": "transformer_lm_gpt3_small", "alg": null, "batch_size": 68, "batch_time": 0.209056, "ips": 325.271383, "peak_mem": 54935500800, "tstamp": 1665061464.92}
{"network": "transformer_lm_gpt3_small", "algorithm": null, "batch_size": 18, "ips": -1}
{"network": "transformer_lm_gpt3_small", "algorithm": null, "batch_size": 19, "ips": -1}
{"network": "transformer_lm_gpt3_small", "algorithm": null, "batch_size": 20, "ips": -1}
{"network": "transformer_lm_gpt3_small", "alg": "ckpt", "batch_size": 4, "batch_time": 0.097167, "ips": 41.166352, "peak_mem": 11631253504, "tstamp": 1665061586.65}
{"network": "transformer_lm_gpt3_small", "alg": "ckpt", "batch_size": 8, "batch_time": 0.097638, "ips": 81.935338, "peak_mem": 12558282752, "tstamp": 1665061621.57}
{"network": "transformer_lm_gpt3_small", "alg": "ckpt", "batch_size": 12, "batch_time": 0.096822, "ips": 123.939058, "peak_mem": 13837322240, "tstamp": 1665061656.36}
{"network": "transformer_lm_gpt3_small", "alg": "ckpt", "batch_size": 16, "batch_time": 0.098672, "ips": 162.153369, "peak_mem": 15116716032, "tstamp": 1665061691.19}
{"network": "transformer_lm_gpt3_small", "alg": "ckpt", "batch_size": 20, "batch_time": 0.110183, "ips": 181.516783, "peak_mem": 16401647616, "tstamp": 1665061725.95}
{"network": "transformer_lm_gpt3_small", "alg": "ckpt", "batch_size": 24, "batch_time": 0.119392, "ips": 201.017971, "peak_mem": 17684697088, "tstamp": 1665061762.83}
{"network": "transformer_lm_gpt3_small", "alg": "ckpt", "batch_size": 28, "batch_time": 0.138017, "ips": 202.872856, "peak_mem": 18959495168, "tstamp": 1665061800.99}
{"network": "transformer_lm_gpt3_small", "alg": "ckpt", "batch_size": 32, "batch_time": 0.14738, "ips": 217.126209, "peak_mem": 20245825536, "tstamp": 1665061839.72}
{"network": "transformer_lm_gpt3_small", "alg": "ckpt", "batch_size": 36, "batch_time": 0.16022, "ips": 224.691053, "peak_mem": 21529366528, "tstamp": 1665061879.75}
{"network": "transformer_lm_gpt3_small", "alg": "ckpt", "batch_size": 40, "batch_time": 0.17101, "ips": 233.903891, "peak_mem": 22802796544, "tstamp": 1665061920.53}
{"network": "transformer_lm_gpt3_small", "alg": "ckpt", "batch_size": 44, "batch_time": 0.184889, "ips": 237.980922, "peak_mem": 24074711040, "tstamp": 1665061962.75}
{"network": "transformer_lm_gpt3_small", "alg": "ckpt", "batch_size": 48, "batch_time": 0.196691, "ips": 244.037073, "peak_mem": 25362427904, "tstamp": 1665062005.85}
{"network": "transformer_lm_gpt3_small", "alg": "ckpt", "batch_size": 52, "batch_time": 0.208352, "ips": 249.577531, "peak_mem": 26632024064, "tstamp": 1665062049.64}
{"network": "transformer_lm_gpt3_small", "alg": "ckpt", "batch_size": 56, "batch_time": 0.224153, "ips": 249.828841, "peak_mem": 27920216064, "tstamp": 1665062094.79}
{"network": "transformer_lm_gpt3_small", "alg": "ckpt", "batch_size": 60, "batch_time": 0.235838, "ips": 254.411669, "peak_mem": 29197608960, "tstamp": 1665062140.77}
{"network": "transformer_lm_gpt3_small", "alg": "ckpt", "batch_size": 64, "batch_time": 0.247819, "ips": 258.253488, "peak_mem": 30490314752, "tstamp": 1665062187.71}
{"network": "transformer_lm_gpt3_small", "alg": "ckpt", "batch_size": 68, "batch_time": 0.262317, "ips": 259.228585, "peak_mem": 31756396544, "tstamp": 1665062234.92}
{"network": "transformer_lm_gpt3_small", "alg": "ckpt", "batch_size": 72, "batch_time": 0.275243, "ips": 261.58725, "peak_mem": 33056329728, "tstamp": 1665062283.36}
{"network": "transformer_lm_gpt3_small", "alg": "ckpt", "batch_size": 76, "batch_time": 0.286897, "ips": 264.903285, "peak_mem": 34335297536, "tstamp": 1665062333.6}
{"network": "transformer_lm_gpt3_small", "alg": "ckpt", "batch_size": 80, "batch_time": 0.30071, "ips": 266.036895, "peak_mem": 35609112576, "tstamp": 1665062384.84}
{"network": "transformer_lm_gpt3_small", "alg": "ckpt", "batch_size": 84, "batch_time": 0.314531, "ips": 267.064234, "peak_mem": 36879790080, "tstamp": 1665062437.69}
{"network": "transformer_lm_gpt3_small", "alg": "ckpt", "batch_size": 88, "batch_time": 0.329425, "ips": 267.132444, "peak_mem": 38166558720, "tstamp": 1665062490.08}
{"network": "transformer_lm_gpt3_small", "alg": "ckpt", "batch_size": 92, "batch_time": 0.339361, "ips": 271.097455, "peak_mem": 39453396992, "tstamp": 1665062544.83}
{"network": "transformer_lm_gpt3_small", "alg": "ckpt", "batch_size": 96, "batch_time": 0.351857, "ips": 272.838425, "peak_mem": 40719413248, "tstamp": 1665062599.55}
{"network": "transformer_lm_gpt3_small", "alg": "ckpt", "batch_size": 100, "batch_time": 0.364664, "ips": 274.224756, "peak_mem": 42007523328, "tstamp": 1665062655.54}
{"network": "transformer_lm_gpt3_small", "alg": "ckpt", "batch_size": 104, "batch_time": 0.376646, "ips": 276.121387, "peak_mem": 43281346560, "tstamp": 1665062713.4}
{"network": "transformer_lm_gpt3_small", "alg": "ckpt", "batch_size": 108, "batch_time": 0.393358, "ips": 274.558806, "peak_mem": 44582572032, "tstamp": 1665062772.69}
{"network": "transformer_lm_gpt3_small", "alg": "ckpt", "batch_size": 112, "batch_time": 0.404491, "ips": 276.89109, "peak_mem": 45849767936, "tstamp": 1665062831.99}
{"network": "transformer_lm_gpt3_small", "alg": "ckpt", "batch_size": 116, "batch_time": 0.419619, "ips": 276.44114, "peak_mem": 47143063552, "tstamp": 1665062893.48}
{"network": "transformer_lm_gpt3_small", "alg": "ckpt", "batch_size": 120, "batch_time": 0.429058,