{"network": "transformer_lm_gpt3_small", "alg": null, "batch_size": 1, "batch_time": 0.019111, "ips": 52.326367, "peak_mem": 12625094656, "tstamp": 1664496002.01}
{"network": "transformer_lm_gpt3_small", "alg": null, "batch_size": 2, "batch_time": 0.01869, "ips": 107.011719, "peak_mem": 15282026496, "tstamp": 1664496046.74}
{"network": "transformer_lm_gpt3_small", "alg": null, "batch_size": 3, "batch_time": 0.019549, "ips": 153.457812, "peak_mem": 17986498560, "tstamp": 1664496090.87}
{"network": "transformer_lm_gpt3_small", "alg": null, "batch_size": 4, "batch_time": 0.021125, "ips": 189.347852, "peak_mem": 20552347648, "tstamp": 1664496136.48}
{"network": "transformer_lm_gpt3_small", "alg": null, "batch_size": 5, "batch_time": 0.022716, "ips": 220.111133, "peak_mem": 23264047104, "tstamp": 1664496181.49}
{"network": "transformer_lm_gpt3_small", "alg": null, "batch_size": 6, "batch_time": 0.024611, "ips": 243.79082, "peak_mem": 25832714240, "tstamp": 1664496227.17}
{"network": "transformer_lm_gpt3_small", "alg": null, "batch_size": 7, "batch_time": 0.027682, "ips": 252.868945, "peak_mem": 28544854016, "tstamp": 1664496274.96}
{"network": "transformer_lm_gpt3_small", "alg": null, "batch_size": 8, "batch_time": 0.029968, "ips": 266.950195, "peak_mem": 31120607232, "tstamp": 1664496322.32}
{"network": "transformer_lm_gpt3_small", "alg": "ckpt", "batch_size": 1, "batch_time": 0.023871, "ips": 41.891016, "peak_mem": 11609747456, "tstamp": 1664496482.56}
{"network": "transformer_lm_gpt3_small", "alg": "ckpt", "batch_size": 2, "batch_time": 0.024101, "ips": 82.983008, "peak_mem": 12554782720, "tstamp": 1664496527.8}
{"network": "transformer_lm_gpt3_small", "alg": "ckpt", "batch_size": 3, "batch_time": 0.024348, "ips": 123.211328, "peak_mem": 13833482240, "tstamp": 1664496573.0}
{"network": "transformer_lm_gpt3_small", "alg": "ckpt", "batch_size": 4, "batch_time": 0.024765, "ips": 161.516211, "peak_mem": 15108646912, "tstamp": 1664496618.44}
{"network": "transformer_lm_gpt3_small", "alg": "ckpt", "batch_size": 5, "batch_time": 0.027319, "ips": 183.024219, "peak_mem": 16401647616, "tstamp": 1664496665.53}
{"network": "transformer_lm_gpt3_small", "alg": "ckpt", "batch_size": 6, "batch_time": 0.02938, "ips": 204.218359, "peak_mem": 17680662528, "tstamp": 1664496712.38}
{"network": "transformer_lm_gpt3_small", "alg": "ckpt", "batch_size": 7, "batch_time": 0.033735, "ips": 207.497266, "peak_mem": 18967564288, "tstamp": 1664496760.65}
{"network": "transformer_lm_gpt3_small", "alg": "ckpt", "batch_size": 8, "batch_time": 0.036118, "ips": 221.499219, "peak_mem": 20245825536, "tstamp": 1664496809.35}
{"network": "transformer_lm_gpt3_small", "alg": "ckpt", "batch_size": 9, "batch_time": 0.039152, "ips": 229.876172, "peak_mem": 21529366528, "tstamp": 1664496860.21}
{"network": "transformer_lm_gpt3_small", "alg": "ckpt", "batch_size": 10, "batch_time": 0.042112, "ips": 237.459375, "peak_mem": 22802796544, "tstamp": 1664496910.43}
{"network": "transformer_lm_gpt3_small", "alg": "ckpt", "batch_size": 11, "batch_time": 0.045153, "ips": 243.618164, "peak_mem": 24082780160, "tstamp": 1664496963.31}
{"network": "transformer_lm_gpt3_small", "alg": "ckpt", "batch_size": 12, "batch_time": 0.047823, "ips": 250.925, "peak_mem": 25370497024, "tstamp": 1664497017.07}
{"network": "transformer_lm_gpt3_small", "alg": "ckpt", "batch_size": 13, "batch_time": 0.050518, "ips": 257.336133, "peak_mem": 26640093184, "tstamp": 1664497071.36}
{"network": "transformer_lm_gpt3_small", "alg": "ckpt", "batch_size": 14, "batch_time": 0.054666, "ips": 256.101758, "peak_mem": 27924250624, "tstamp": 1664497127.46}
{"network": "transformer_lm_gpt3_small", "alg": "ckpt", "batch_size": 15, "batch_time": 0.057981, "ips": 258.706641, "peak_mem": 29197608960, "tstamp": 1664497184.46}
{"network": "transformer_lm_gpt3_small", "alg": "ckpt", "batch_size": 16, "batch_time": 0.060915, "ips": 262.659961, "peak_mem": 30490314752, "tstamp": 1664497242.38}
{"network": "transformer_lm_gpt3_small", "alg": "ckpt", "batch_size": 17, "batch_time": 0.064312, "ips": 264.335156, "peak_mem": 31756396544, "tstamp": 1664497300.58}
{"network": "transformer_lm_gpt3_small", "alg": null, "batch_size": 4, "batch_time": 0.075927, "ips": 52.68215, "peak_mem": 12625094656, "tstamp": 1664611496.38}
{"network": "transformer_lm_gpt3_small", "alg": null, "batch_size": 8, "batch_time": 0.077775, "ips": 102.861026, "peak_mem": 15286380544, "tstamp": 1664611530.52}
{"network": "transformer_lm_gpt3_small", "alg": null, "batch_size": 12, "batch_time": 0.078138, "ips": 153.573667, "peak_mem": 17986498560, "tstamp": 1664611564.28}
{"network": "transformer_lm_gpt3_small", "alg": null, "batch_size": 16, "batch_time": 0.087976, "ips": 181.868358, "peak_mem": 20562513920, "tstamp": 1664611598.92}
{"network": "transformer_lm_gpt3_small", "alg": null, "batch_size": 20, "batch_time": 0.090655, "ips": 220.615479, "peak_mem": 23254804480, "tstamp": 1664611633.67}
{"network": "transformer_lm_gpt3_small", "alg": null, "batch_size": 24, "batch_time": 0.09857, "ips": 243.482755, "peak_mem": 25828679680, "tstamp": 1664611669.38}
{"network": "transformer_lm_gpt3_small", "alg": null, "batch_size": 28, "batch_time": 0.111584, "ips": 250.931698, "peak_mem": 28540295168, "tstamp": 1664611706.02}
{"network": "transformer_lm_gpt3_small", "alg": null, "batch_size": 32, "batch_time": 0.118698, "ips": 269.591077, "peak_mem": 31120607232, "tstamp": 1664611742.38}
{"network": "transformer_lm_gpt3_small", "alg": null, "batch_size": 36, "batch_time": 0.130812, "ips": 275.204355, "peak_mem": 33813827584, "tstamp": 1664611780.52}
{"network": "transformer_lm_gpt3_small", "alg": null, "batch_size": 40, "batch_time": 0.136447, "ips": 293.153747, "peak_mem": 36388204544, "tstamp": 1664611818.94}
{"network": "transformer_lm_gpt3_small", "alg": null, "batch_size": 44, "batch_time": 0.147855, "ips": 297.588884, "peak_mem": 39127879680, "tstamp": 1664611859.1}
{"network": "transformer_lm_gpt3_small", "alg": null, "batch_size": 48, "batch_time": 0.155632, "ips": 308.419743, "peak_mem": 41686863872, "tstamp": 1664611899.92}
{"network": "transformer_lm_gpt3_small", "alg": null, "batch_size": 52, "batch_time": 0.163928, "ips": 317.211643, "peak_mem": 44436811776, "tstamp": 1664611940.56}
{"network": "transformer_lm_gpt3_small", "alg": null, "batch_size": 56, "batch_time": 0.176706, "ips": 316.911382, "peak_mem": 46964307968, "tstamp": 1664611982.01}
{"network": "transformer_lm_gpt3_small", "alg": null, "batch_size": 60, "batch_time": 0.184756, "ips": 324.753218, "peak_mem": 49670760448, "tstamp": 1664612024.98}
{"network": "transformer_lm_gpt3_small", "alg": null, "batch_size": 64, "batch_time": 0.194279, "ips": 329.42254, "peak_mem": 52235053056, "tstamp": 1664612068.78}
{"network": "transformer_lm_gpt3_small", "alg": null, "batch_size": 68, "batch_time": 0.205314, "ips": 331.200633, "peak_mem": 54947923968, "tstamp": 1664612113.35}
{"network": "transformer_lm_gpt3_small", "alg": "ckpt", "batch_size": 4, "batch_time": 0.096388, "ips": 41.498891, "peak_mem": 11609747456, "tstamp": 1664612235.88}
{"network": "transformer_lm_gpt3_small", "alg": "ckpt", "batch_size": 8, "batch_time": 0.096847, "ips": 82.604931, "peak_mem": 12558282752, "tstamp": 1664612271.07}
{"network": "transformer_lm_gpt3_small", "alg": "ckpt", "batch_size": 12, "batch_time": 0.098983, "ips": 121.233412, "peak_mem": 13837322240, "tstamp": 1664612306.38}
{"network": "transformer_lm_gpt3_small", "alg": "ckpt", "batch_size": 16, "batch_time": 0.100355, "ips": 159.434697, "peak_mem": 15116716032, "tstamp": 1664612341.38}
{"network": "transformer_lm_gpt3_small", "alg": "ckpt", "batch_size": 20, "batch_time": 0.108119, "ips": 184.981245, "peak_mem": 16393578496, "tstamp": 1664612377.09}
{"network": "transformer_lm_gpt3_small", "alg": "ckpt", "batch_size": 24, "batch_time": 0.118155, "ips": 203.123608, "peak_mem": 17680662528, "tstamp": 1664612414.01}
{"network": "transformer_lm_gpt3_small", "alg": "ckpt", "batch_size": 28,