{"network": "bert-large-cased", "algorithm": null, "batch_size": 4, "layer_num": 24, "hidden_size": 1024, "tstamp": 1652779040.73, "peak": 6455.19873, "total": 6441.73291, "activation": 1348.724609}
{"network": "bert-large-cased", "algorithm": null, "batch_size": 8, "layer_num": 24, "hidden_size": 1024, "tstamp": 1652779073.22, "peak": 7228.828613, "total": 7212.463379, "activation": 2119.443359}
{"network": "bert-large-cased", "algorithm": null, "batch_size": 12, "layer_num": 24, "hidden_size": 1024, "tstamp": 1652779106.4, "peak": 8087.033691, "total": 8062.693848, "activation": 2955.662109}
{"network": "bert-large-cased", "algorithm": null, "batch_size": 16, "layer_num": 24, "hidden_size": 1024, "tstamp": 1652779138.96, "peak": 8788.23877, "total": 8753.924316, "activation": 3660.880859}
{"network": "bert-large-cased", "algorithm": null, "batch_size": 20, "layer_num": 24, "hidden_size": 1024, "tstamp": 1652779171.37, "peak": 9623.443848, "total": 9580.154785, "activation": 4438.099609}
{"network": "bert-large-cased", "algorithm": null, "batch_size": 24, "layer_num": 24, "hidden_size": 1024, "tstamp": 1652779204.09, "peak": 10360.648926, "total": 10308.385254, "activation": 5214.318359}
{"network": "bert-large-cased", "algorithm": null, "batch_size": 28, "layer_num": 24, "hidden_size": 1024, "tstamp": 1652779237.25, "peak": 11179.354004, "total": 11118.615723, "activation": 6020.037109}
{"network": "bert-large-cased", "algorithm": null, "batch_size": 32, "layer_num": 24, "hidden_size": 1024, "tstamp": 1652779271.1, "peak": 11907.059082, "total": 11836.846191, "activation": 6743.755859}
{"network": "bert-large-cased", "algorithm": null, "batch_size": 36, "layer_num": 24, "hidden_size": 1024, "tstamp": 1652779304.57, "peak": 12753.26416, "total": 12674.07666, "activation": 7552.474609}
{"network": "bert-large-cased", "algorithm": null, "batch_size": 40, "layer_num": 24, "hidden_size": 1024, "tstamp": 1652779337.36, "peak": 13466.469238, "total": 13378.307129, "activation": 8285.193359}
{"network": "bert-large-cased", "algorithm": "ckpt", "batch_size": 4, "layer_num": 24, "hidden_size": 1024, "tstamp": 1652779468.88, "peak": 5730.939941, "total": 5145.547363, "activation": 52.539062}
{"network": "bert-large-cased", "algorithm": "ckpt", "batch_size": 8, "layer_num": 24, "hidden_size": 1024, "tstamp": 1652779501.94, "peak": 5792.461426, "total": 5196.092285, "activation": 103.072266}
{"network": "bert-large-cased", "algorithm": "ckpt", "batch_size": 12, "layer_num": 24, "hidden_size": 1024, "tstamp": 1652779534.65, "peak": 5863.48291, "total": 5250.137207, "activation": 154.105469}
{"network": "bert-large-cased", "algorithm": "ckpt", "batch_size": 16, "layer_num": 24, "hidden_size": 1024, "tstamp": 1652779567.84, "peak": 5917.477051, "total": 5297.182129, "activation": 204.138672}
{"network": "bert-large-cased", "algorithm": "ckpt", "batch_size": 20, "layer_num": 24, "hidden_size": 1024, "tstamp": 1652779600.73, "peak": 6052.994629, "total": 5397.727051, "activation": 255.171875}
{"network": "bert-large-cased", "algorithm": "ckpt", "batch_size": 24, "layer_num": 24, "hidden_size": 1024, "tstamp": 1652779634.48, "peak": 6051.512207, "total": 5399.271973, "activation": 305.205078}
{"network": "bert-large-cased", "algorithm": "ckpt", "batch_size": 28, "layer_num": 24, "hidden_size": 1024, "tstamp": 1652779667.79, "peak": 6183.529785, "total": 5484.316895, "activation": 355.738281}
{"network": "bert-large-cased", "algorithm": "ckpt", "batch_size": 32, "layer_num": 24, "hidden_size": 1024, "tstamp": 1652779702.42, "peak": 6183.547363, "total": 5499.361816, "activation": 406.271484}
{"network": "bert-large-cased", "algorithm": "ckpt", "batch_size": 36, "layer_num": 24, "hidden_size": 1024, "tstamp": 1652779736.59, "peak": 6304.064941, "total": 5593.906738, "activation": 456.804688}
{"network": "bert-large-cased", "algorithm": "ckpt", "batch_size": 40, "layer_num": 24, "hidden_size": 1024, "tstamp": 1652779770.65, "peak": 6317.58252, "total": 5600.45166, "activation": 507.337891}
{"network": "bert-large-cased", "algorithm": "ckpt", "batch_size": 44, "layer_num": 24, "hidden_size": 1024, "tstamp": 1652779804.42, "peak": 6402.100098, "total": 5652.496582, "activation": 557.871094}
{"network": "bert-large-cased", "algorithm": "ckpt", "batch_size": 48, "layer_num": 24, "hidden_size": 1024, "tstamp": 1652779838.9, "peak": 6449.617676, "total": 5701.541504, "activation": 608.404297}
{"network": "bert-large-cased", "algorithm": "ckpt", "batch_size": 52, "layer_num": 24, "hidden_size": 1024, "tstamp": 1652779873.23, "peak": 6534.135254, "total": 5754.086426, "activation": 658.9375}
{"network": "bert-large-cased", "algorithm": "ckpt", "batch_size": 56, "layer_num": 24, "hidden_size": 1024, "tstamp": 1652779908.24, "peak": 6583.652832, "total": 5802.631348, "activation": 709.470703}
{"network": "bert-large-cased", "algorithm": "ckpt", "batch_size": 60, "layer_num": 24, "hidden_size": 1024, "tstamp": 1652779942.85, "peak": 6651.67041, "total": 5855.17627, "activation": 760.003906}
{"network": "bert-large-cased", "algorithm": "ckpt", "batch_size": 64, "layer_num": 24, "hidden_size": 1024, "tstamp": 1652779978.43, "peak": 6715.687988, "total": 5903.721191, "activation": 810.537109}
{"network": "bert-large-cased", "algorithm": "ckpt", "batch_size": 72, "layer_num": 24, "hidden_size": 1024, "tstamp": 1652780014.3, "peak": 6851.724121, "total": 6006.8125, "activation": 911.604004}
{"network": "bert-large-cased", "algorithm": "ckpt", "batch_size": 80, "layer_num": 24, "hidden_size": 1024, "tstamp": 1652780049.84, "peak": 6981.759277, "total": 6105.902344, "activation": 1012.67041}
{"network": "bert-large-cased", "algorithm": "ckpt", "batch_size": 88, "layer_num": 24, "hidden_size": 1024, "tstamp": 1652780086.17, "peak": 7117.794434, "total": 6207.992188, "activation": 1113.736816}
{"network": "bert-large-cased", "algorithm": "ckpt", "batch_size": 96, "layer_num": 24, "hidden_size": 1024, "tstamp": 1652780122.58, "peak": 7261.516113, "total": 6308.082031, "activation": 1214.803223}
{"network": "bert-large-cased", "algorithm": "ckpt", "batch_size": 104, "layer_num": 24, "hidden_size": 1024, "tstamp": 1652780158.68, "peak": 7439.559082, "total": 6409.171875, "activation": 1315.869629}
{"network": "bert-large-cased", "algorithm": "ckpt", "batch_size": 112, "layer_num": 24, "hidden_size": 1024, "tstamp": 1652780195.78, "peak": 7617.602051, "total": 6510.261719, "activation": 1416.936035}
{"network": "bert-large-cased", "algorithm": "ckpt", "batch_size": 120, "layer_num": 24, "hidden_size": 1024, "tstamp": 1652780232.72, "peak": 7800.441895, "total": 6615.148438, "activation": 1519.002441}
{"network": "bert-large-cased", "algorithm": "ckpt", "batch_size": 128, "layer_num": 24, "hidden_size": 1024, "tstamp": 1652780270.87, "peak": 7971.484863, "total": 6710.238281, "activation": 1619.068848}
{"network": "bert-large-cased", "algorithm": "ckpt", "batch_size": 136, "layer_num": 24, "hidden_size": 1024, "tstamp": 1652780308.62, "peak": 8152.528809, "total": 6814.330566, "activation": 1721.136719}
{"network": "bert-large-cased", "algorithm": "ckpt", "batch_size": 144, "layer_num": 24, "hidden_size": 1024, "tstamp": 1652780346.65, "peak": 8327.571777, "total": 6912.42041, "activation": 1821.203125}
{"network": "bert-large-cased", "algorithm": "ckpt", "batch_size": 152, "layer_num": 24, "hidden_size": 1024, "tstamp": 1652780385.22, "peak": 8507.614746, "total": 7015.510254, "activation": 1923.269531}
{"network": "bert-large-cased", "algorithm": "ckpt", "batch_size": 160, "layer_num": 24, "hidden_size": 1024, "tstamp": 1652780426.07, "peak": 8683.657715, "total": 7114.600098, "activation": 2023.335938}
{"network": "bert-large-cased", "algorithm": "ckpt", "batch_size": 168, "layer_num": 24, "hidden_size": 1024, "tstamp": 1652780466.24, "peak": 8862.435059, "total": 7216.424316, "activation": 2124.402344}
{"network": "bert-large-cased", "algorithm": "ckpt", "batch_size": 176,