{"network": "transformer_lm_gpt3_small", "alg": null, "batch_size": 2, "batch_time": 0.075387, "ips": 26.529655, "peak_mem": 6320710656, "tstamp": 1665051545.39}
{"network": "transformer_lm_gpt3_small", "alg": null, "batch_size": 4, "batch_time": 0.082905, "ips": 48.247875, "peak_mem": 7644013568, "tstamp": 1665051576.79}
{"network": "transformer_lm_gpt3_small", "alg": null, "batch_size": 6, "batch_time": 0.080777, "ips": 74.278805, "peak_mem": 8993183744, "tstamp": 1665051608.75}
{"network": "transformer_lm_gpt3_small", "alg": null, "batch_size": 8, "batch_time": 0.088744, "ips": 90.146944, "peak_mem": 10281191424, "tstamp": 1665051641.29}
{"network": "transformer_lm_gpt3_small", "alg": null, "batch_size": 10, "batch_time": 0.094453, "ips": 105.872692, "peak_mem": 11631958016, "tstamp": 1665051673.36}
{"network": "transformer_lm_gpt3_small", "alg": null, "batch_size": 12, "batch_time": 0.102813, "ips": 116.716203, "peak_mem": 12922423296, "tstamp": 1665051706.18}
{"network": "transformer_lm_gpt3_small", "alg": null, "batch_size": 14, "batch_time": 0.120396, "ips": 116.283067, "peak_mem": 14281456640, "tstamp": 1665051740.25}
{"network": "transformer_lm_gpt3_small", "alg": null, "batch_size": 16, "batch_time": 0.126447, "ips": 126.535673, "peak_mem": 15560238080, "tstamp": 1665051775.06}
{"network": "transformer_lm_gpt3_small", "alg": null, "batch_size": 18, "batch_time": 0.137873, "ips": 130.55481, "peak_mem": 16908945408, "tstamp": 1665051811.5}
{"network": "transformer_lm_gpt3_small", "alg": null, "batch_size": 20, "batch_time": 0.139118, "ips": 143.762604, "peak_mem": 18198071296, "tstamp": 1665051848.29}
{"network": "transformer_lm_gpt3_small", "alg": null, "batch_size": 22, "batch_time": 0.153147, "ips": 143.65253, "peak_mem": 19559680000, "tstamp": 1665051885.99}
{"network": "transformer_lm_gpt3_small", "alg": null, "batch_size": 24, "batch_time": 0.159149, "ips": 150.801985, "peak_mem": 20843366400, "tstamp": 1665051924.41}
{"network": "transformer_lm_gpt3_small", "alg": null, "batch_size": 26, "batch_time": 0.168238, "ips": 154.542943, "peak_mem": 22217918464, "tstamp": 1665051963.65}
{"network": "transformer_lm_gpt3_small", "alg": null, "batch_size": 28, "batch_time": 0.179667, "ips": 155.843955, "peak_mem": 23481911296, "tstamp": 1665052003.86}
{"network": "transformer_lm_gpt3_small", "alg": null, "batch_size": 30, "batch_time": 0.188834, "ips": 158.870094, "peak_mem": 24842757120, "tstamp": 1665052043.81}
{"network": "transformer_lm_gpt3_small", "alg": null, "batch_size": 32, "batch_time": 0.199916, "ips": 160.067062, "peak_mem": 26121495552, "tstamp": 1665052084.81}
{"network": "transformer_lm_gpt3_small", "alg": null, "batch_size": 34, "batch_time": 0.210974, "ips": 161.157079, "peak_mem": 27469702144, "tstamp": 1665052127.6}
{"network": "transformer_lm_gpt3_small", "algorithm": null, "batch_size": 18, "ips": -1}
{"network": "transformer_lm_gpt3_small", "algorithm": null, "batch_size": 19, "ips": -1}
{"network": "transformer_lm_gpt3_small", "algorithm": null, "batch_size": 20, "ips": -1}
{"network": "transformer_lm_gpt3_small", "alg": "ckpt", "batch_size": 2, "batch_time": 0.098647, "ips": 20.274226, "peak_mem": 5815561216, "tstamp": 1665052240.67}
{"network": "transformer_lm_gpt3_small", "alg": "ckpt", "batch_size": 4, "batch_time": 0.0956, "ips": 41.84113, "peak_mem": 6279075840, "tstamp": 1665052273.02}
{"network": "transformer_lm_gpt3_small", "alg": "ckpt", "batch_size": 6, "batch_time": 0.098939, "ips": 60.643266, "peak_mem": 6918595584, "tstamp": 1665052306.26}
{"network": "transformer_lm_gpt3_small", "alg": "ckpt", "batch_size": 8, "batch_time": 0.102785, "ips": 77.832416, "peak_mem": 7558292480, "tstamp": 1665052338.88}
{"network": "transformer_lm_gpt3_small", "alg": "ckpt", "batch_size": 10, "batch_time": 0.111323, "ips": 89.828664, "peak_mem": 8200758272, "tstamp": 1665052373.01}
{"network": "transformer_lm_gpt3_small", "alg": "ckpt", "batch_size": 12, "batch_time": 0.121627, "ips": 98.662549, "peak_mem": 8842283008, "tstamp": 1665052407.16}
{"network": "transformer_lm_gpt3_small", "alg": "ckpt", "batch_size": 14, "batch_time": 0.13776, "ips": 101.626295, "peak_mem": 9483716608, "tstamp": 1665052442.64}
{"network": "transformer_lm_gpt3_small", "alg": "ckpt", "batch_size": 16, "batch_time": 0.15061, "ips": 106.234815, "peak_mem": 10122847232, "tstamp": 1665052480.16}
{"network": "transformer_lm_gpt3_small", "alg": "ckpt", "batch_size": 18, "batch_time": 0.162848, "ips": 110.532602, "peak_mem": 10764617728, "tstamp": 1665052518.24}
{"network": "transformer_lm_gpt3_small", "alg": "ckpt", "batch_size": 20, "batch_time": 0.17261, "ips": 115.867808, "peak_mem": 11401332736, "tstamp": 1665052557.12}
{"network": "transformer_lm_gpt3_small", "alg": "ckpt", "batch_size": 22, "batch_time": 0.190098, "ips": 115.729821, "peak_mem": 12041324544, "tstamp": 1665052597.47}
{"network": "transformer_lm_gpt3_small", "alg": "ckpt", "batch_size": 24, "batch_time": 0.198895, "ips": 120.666778, "peak_mem": 12687280128, "tstamp": 1665052638.71}
{"network": "transformer_lm_gpt3_small", "alg": "ckpt", "batch_size": 26, "batch_time": 0.210104, "ips": 123.748143, "peak_mem": 13319981056, "tstamp": 1665052680.85}
{"network": "transformer_lm_gpt3_small", "alg": "ckpt", "batch_size": 28, "batch_time": 0.227773, "ips": 122.929479, "peak_mem": 13964855296, "tstamp": 1665052724.58}
{"network": "transformer_lm_gpt3_small", "alg": "ckpt", "batch_size": 30, "batch_time": 0.242702, "ips": 123.608271, "peak_mem": 14602773504, "tstamp": 1665052769.31}
{"network": "transformer_lm_gpt3_small", "alg": "ckpt", "batch_size": 32, "batch_time": 0.253785, "ips": 126.090966, "peak_mem": 15245091840, "tstamp": 1665052814.93}
{"network": "transformer_lm_gpt3_small", "alg": "ckpt", "batch_size": 34, "batch_time": 0.267037, "ips": 127.323132, "peak_mem": 15882167296, "tstamp": 1665052861.63}
{"network": "transformer_lm_gpt3_small", "alg": "ckpt", "batch_size": 36, "batch_time": 0.278887, "ips": 129.084712, "peak_mem": 16530196480, "tstamp": 1665052908.38}
{"network": "transformer_lm_gpt3_small", "alg": "ckpt", "batch_size": 38, "batch_time": 0.289635, "ips": 131.199765, "peak_mem": 17167583232, "tstamp": 1665052956.8}
{"network": "transformer_lm_gpt3_small", "alg": "ckpt", "batch_size": 40, "batch_time": 0.307104, "ips": 130.249038, "peak_mem": 17808525312, "tstamp": 1665053005.46}
{"network": "transformer_lm_gpt3_small", "alg": "ckpt", "batch_size": 42, "batch_time": 0.321927, "ips": 130.464548, "peak_mem": 18447108096, "tstamp": 1665053055.73}
{"network": "transformer_lm_gpt3_small", "alg": "ckpt", "batch_size": 44, "batch_time": 0.338327, "ips": 130.051635, "peak_mem": 19087329280, "tstamp": 1665053107.84}
{"network": "transformer_lm_gpt3_small", "alg": "ckpt", "batch_size": 46, "batch_time": 0.350256, "ips": 131.332648, "peak_mem": 19726632960, "tstamp": 1665053159.96}
{"network": "transformer_lm_gpt3_small", "alg": "ckpt", "batch_size": 48, "batch_time": 0.366388, "ips": 131.008799, "peak_mem": 20363675648, "tstamp": 1665053214.34}
{"network": "transformer_lm_gpt3_small", "alg": "ckpt", "batch_size": 50, "batch_time": 0.375871, "ips": 133.024205, "peak_mem": 21010974720, "tstamp": 1665053269.47}
{"network": "transformer_lm_gpt3_small", "alg": "ckpt", "batch_size": 52, "batch_time": 0.387717, "ips": 134.118497, "peak_mem": 21647886336, "tstamp": 1665053326.21}
{"network": "transformer_lm_gpt3_small", "alg": "ckpt", "batch_size": 54, "batch_time": 0.405357, "ips": 133.215854, "peak_mem": 22291220480, "tstamp": 1665053384.24}
{"network": "transformer_lm_gpt3_small", "alg": "ckpt", "batch_size": 56, "batch_time": 0.42095, "ips": 133.032554, "peak_mem": 22928852992, "tstamp": 1665053443.77}
{"network": "transformer_lm_gpt3_small", "alg": "ckpt", "batch_size": 58, "batch_time": 0.429312, "ips": 135.099853, "peak_mem": 23571466240, "tstamp": 1665053503.81}
{"network": "transformer_lm_gpt3_small", "alg": "ckpt", "batch_size": 60, "batch_time": 0.440496, "ips": 136.209937,