{"network": "transformer_lm_gpt3_small", "alg": null, "batch_size": 4, "batch_time": 0.075927, "ips": 52.68215, "peak_mem": 12625094656, "tstamp": 1664611496.38}
 {"network": "transformer_lm_gpt3_small", "alg": null, "batch_size": 8, "batch_time": 0.077775, "ips": 102.861026, "peak_mem": 15286380544, "tstamp": 1664611530.52}
 {"network": "transformer_lm_gpt3_small", "alg": null, "batch_size": 12, "batch_time": 0.078138, "ips": 153.573667, "peak_mem": 17986498560, "tstamp": 1664611564.28}
 {"network": "transformer_lm_gpt3_small", "alg": null, "batch_size": 16, "batch_time": 0.087976, "ips": 181.868358, "peak_mem": 20562513920, "tstamp": 1664611598.92}
 {"network": "transformer_lm_gpt3_small", "alg": null, "batch_size": 20, "batch_time": 0.090655, "ips": 220.615479, "peak_mem": 23254804480, "tstamp": 1664611633.67}
 {"network": "transformer_lm_gpt3_small", "alg": null, "batch_size": 24, "batch_time": 0.09857, "ips": 243.482755, "peak_mem": 25828679680, "tstamp": 1664611669.38}
 {"network": "transformer_lm_gpt3_small", "alg": null, "batch_size": 28, "batch_time": 0.111584, "ips": 250.931698, "peak_mem": 28540295168, "tstamp": 1664611706.02}
 {"network": "transformer_lm_gpt3_small", "alg": null, "batch_size": 32, "batch_time": 0.118698, "ips": 269.591077, "peak_mem": 31120607232, "tstamp": 1664611742.38}
 {"network": "transformer_lm_gpt3_small", "alg": null, "batch_size": 36, "batch_time": 0.130812, "ips": 275.204355, "peak_mem": 33813827584, "tstamp": 1664611780.52}
 {"network": "transformer_lm_gpt3_small", "alg": null, "batch_size": 40, "batch_time": 0.136447, "ips": 293.153747, "peak_mem": 36388204544, "tstamp": 1664611818.94}
 {"network": "transformer_lm_gpt3_small", "alg": null, "batch_size": 44, "batch_time": 0.147855, "ips": 297.588884, "peak_mem": 39127879680, "tstamp": 1664611859.1}
 {"network": "transformer_lm_gpt3_small", "alg": null, "batch_size": 48, "batch_time": 0.155632, "ips": 308.419743, "peak_mem": 41686863872, "tstamp": 1664611899.92}
 {"network": "transformer_lm_gpt3_small", "alg": null, "batch_size": 52, "batch_time": 0.163928, "ips": 317.211643, "peak_mem": 44436811776, "tstamp": 1664611940.56}
 {"network": "transformer_lm_gpt3_small", "alg": null, "batch_size": 56, "batch_time": 0.176706, "ips": 316.911382, "peak_mem": 46964307968, "tstamp": 1664611982.01}
 {"network": "transformer_lm_gpt3_small", "alg": null, "batch_size": 60, "batch_time": 0.184756, "ips": 324.753218, "peak_mem": 49670760448, "tstamp": 1664612024.98}
 {"network": "transformer_lm_gpt3_small", "alg": null, "batch_size": 64, "batch_time": 0.194279, "ips": 329.42254, "peak_mem": 52235053056, "tstamp": 1664612068.78}
 {"network": "transformer_lm_gpt3_small", "alg": null, "batch_size": 68, "batch_time": 0.205314, "ips": 331.200633, "peak_mem": 54947923968, "tstamp": 1664612113.35}
 {"network": "transformer_lm_gpt3_small", "alg": "ckpt", "batch_size": 4, "batch_time": 0.096388, "ips": 41.498891, "peak_mem": 11609747456, "tstamp": 1664612235.88}
 {"network": "transformer_lm_gpt3_small", "alg": "ckpt", "batch_size": 8, "batch_time": 0.096847, "ips": 82.604931, "peak_mem": 12558282752, "tstamp": 1664612271.07}
 {"network": "transformer_lm_gpt3_small", "alg": "ckpt", "batch_size": 12, "batch_time": 0.098983, "ips": 121.233412, "peak_mem": 13837322240, "tstamp": 1664612306.38}
 {"network": "transformer_lm_gpt3_small", "alg": "ckpt", "batch_size": 16, "batch_time": 0.100355, "ips": 159.434697, "peak_mem": 15116716032, "tstamp": 1664612341.38}
 {"network": "transformer_lm_gpt3_small", "alg": "ckpt", "batch_size": 20, "batch_time": 0.108119, "ips": 184.981245, "peak_mem": 16393578496, "tstamp": 1664612377.09}
 {"network": "transformer_lm_gpt3_small", "alg": "ckpt", "batch_size": 24, "batch_time": 0.118155, "ips": 203.123608, "peak_mem": 17680662528, "tstamp": 1664612414.01}
 {"network": "transformer_lm_gpt3_small", "alg": "ckpt", "batch_size": 28, "batch_time": 0.136334, "ips": 205.377821, "peak_mem": 18959495168, "tstamp": 1664612452.26}
 {"network": "transformer_lm_gpt3_small", "alg": "ckpt", "batch_size": 32, "batch_time": 0.144197, "ips": 221.918948, "peak_mem": 20245825536, "tstamp": 1664612491.03}
 {"network": "transformer_lm_gpt3_small", "alg": "ckpt", "batch_size": 36, "batch_time": 0.155978, "ips": 230.80229, "peak_mem": 21517103104, "tstamp": 1664612530.66}
 {"network": "transformer_lm_gpt3_small", "alg": "ckpt", "batch_size": 40, "batch_time": 0.170101, "ips": 235.154083, "peak_mem": 22802796544, "tstamp": 1664612571.38}
 {"network": "transformer_lm_gpt3_small", "alg": "ckpt", "batch_size": 44, "batch_time": 0.183167, "ips": 240.217737, "peak_mem": 24082780160, "tstamp": 1664612612.24}
 {"network": "transformer_lm_gpt3_small", "alg": "ckpt", "batch_size": 48, "batch_time": 0.193131, "ips": 248.535578, "peak_mem": 25370497024, "tstamp": 1664612655.1}
 {"network": "transformer_lm_gpt3_small", "alg": "ckpt", "batch_size": 52, "batch_time": 0.203151, "ips": 255.967739, "peak_mem": 26632024064, "tstamp": 1664612698.78}
 {"network": "transformer_lm_gpt3_small", "alg": "ckpt", "batch_size": 56, "batch_time": 0.219308, "ips": 255.34814, "peak_mem": 27929841664, "tstamp": 1664612742.88}
 {"network": "transformer_lm_gpt3_small", "alg": "ckpt", "batch_size": 60, "batch_time": 0.231665, "ips": 258.994172, "peak_mem": 29205678080, "tstamp": 1664612787.78}
 {"network": "transformer_lm_gpt3_small", "alg": "ckpt", "batch_size": 64, "batch_time": 0.244528, "ips": 261.729046, "peak_mem": 30482245632, "tstamp": 1664612835.02}
 {"network": "transformer_lm_gpt3_small", "alg": "ckpt", "batch_size": 68, "batch_time": 0.257403, "ips": 264.176873, "peak_mem": 31764465664, "tstamp": 1664612882.07}
 {"network": "transformer_lm_gpt3_small", "alg": "ckpt", "batch_size": 72, "batch_time": 0.267385, "ips": 269.274553, "peak_mem": 33051504640, "tstamp": 1664612930.12}
 {"network": "transformer_lm_gpt3_small", "alg": "ckpt", "batch_size": 76, "batch_time": 0.279175, "ips": 272.230359, "peak_mem": 34335297536, "tstamp": 1664612980.02}
 {"network": "transformer_lm_gpt3_small", "alg": "ckpt", "batch_size": 80, "batch_time": 0.29239, "ips": 273.607483, "peak_mem": 35609112576, "tstamp": 1664613029.71}
 {"network": "transformer_lm_gpt3_small", "alg": "ckpt", "batch_size": 84, "batch_time": 0.306424, "ips": 274.130231, "peak_mem": 36894347264, "tstamp": 1664613080.91}
 {"network": "transformer_lm_gpt3_small", "alg": "ckpt", "batch_size": 88, "batch_time": 0.324531, "ips": 271.160559, "peak_mem": 38174789632, "tstamp": 1664613134.27}
 {"network": "transformer_lm_gpt3_small", "alg": "ckpt", "batch_size": 92, "batch_time": 0.330871, "ips": 278.053893, "peak_mem": 39453396992, "tstamp": 1664613188.39}
 {"network": "transformer_lm_gpt3_small", "alg": "ckpt", "batch_size": 96, "batch_time": 0.344762, "ips": 278.453151, "peak_mem": 40727482368, "tstamp": 1664613242.81}
 {"network": "transformer_lm_gpt3_small", "alg": "ckpt", "batch_size": 100, "batch_time": 0.353944, "ips": 282.53064, "peak_mem": 42022080512, "tstamp": 1664613298.01}
 {"network": "transformer_lm_gpt3_small", "alg": "ckpt", "batch_size": 104, "batch_time": 0.367831, "ips": 282.738649, "peak_mem": 43281346560, "tstamp": 1664613354.45}
 {"network": "transformer_lm_gpt3_small", "alg": "ckpt", "batch_size": 108, "batch_time": 0.384768, "ips": 280.688298, "peak_mem": 44582572032, "tstamp": 1664613413.26}
 {"network": "transformer_lm_gpt3_small", "alg": "ckpt", "batch_size": 112, "batch_time": 0.395076, "ips": 283.489852, "peak_mem": 45857837056, "tstamp": 1664613471.85}
 {"network": "transformer_lm_gpt3_small", "alg": "ckpt", "batch_size": 116, "batch_time": 0.409175, "ips": 283.497123, "peak_mem": 47143063552, "tstamp": 1664613532.78}
 {"network": "transformer_lm_gpt3_small", "alg": "ckpt", "batch_size": 120, "batch_time": 0.419067, "ips": 286.350423, "peak_mem": 48426848256, "tstamp": 1664613593.42}
 {"network": "transformer_lm_gpt3_small", "alg": "ckpt", "batch_size": 124, "batch_time": 0.432779, "ips": 286.520143, "peak_mem": 49704826880,