{"network": "transformer_lm_gpt3_small", "alg": null, "batch_size": 1, "batch_time": 0.065088, "ips": 15.363824, "peak_mem": 2905505280, "tstamp": 1665047613.01}
{"network": "transformer_lm_gpt3_small", "alg": null, "batch_size": 2, "batch_time": 0.063963, "ips": 31.268136, "peak_mem": 3569344000, "tstamp": 1665047635.43}
{"network": "transformer_lm_gpt3_small", "alg": null, "batch_size": 3, "batch_time": 0.063043, "ips": 47.586398, "peak_mem": 4238188032, "tstamp": 1665047657.62}
{"network": "transformer_lm_gpt3_small", "alg": null, "batch_size": 4, "batch_time": 0.069619, "ips": 57.455537, "peak_mem": 4887928320, "tstamp": 1665047680.28}
{"network": "transformer_lm_gpt3_small", "alg": null, "batch_size": 5, "batch_time": 0.077806, "ips": 64.262218, "peak_mem": 5566373376, "tstamp": 1665047703.5}
{"network": "transformer_lm_gpt3_small", "alg": null, "batch_size": 6, "batch_time": 0.085712, "ips": 70.002114, "peak_mem": 6206971392, "tstamp": 1665047727.4}
{"network": "transformer_lm_gpt3_small", "alg": null, "batch_size": 7, "batch_time": 0.101267, "ips": 69.124133, "peak_mem": 6882336256, "tstamp": 1665047752.64}
{"network": "transformer_lm_gpt3_small", "alg": null, "batch_size": 8, "batch_time": 0.107862, "ips": 74.168948, "peak_mem": 7528504832, "tstamp": 1665047778.4}
{"network": "transformer_lm_gpt3_small", "alg": null, "batch_size": 9, "batch_time": 0.118164, "ips": 76.165224, "peak_mem": 8201149952, "tstamp": 1665047804.98}
{"network": "transformer_lm_gpt3_small", "alg": null, "batch_size": 10, "batch_time": 0.127532, "ips": 78.411655, "peak_mem": 8845843968, "tstamp": 1665047832.27}
{"network": "transformer_lm_gpt3_small", "alg": null, "batch_size": 11, "batch_time": 0.140022, "ips": 78.559068, "peak_mem": 9519308288, "tstamp": 1665047860.46}
{"network": "transformer_lm_gpt3_small", "alg": null, "batch_size": 12, "batch_time": 0.14952, "ips": 80.256873, "peak_mem": 10166631936, "tstamp": 1665047889.42}
{"network": "transformer_lm_gpt3_small", "alg": null, "batch_size": 13, "batch_time": 0.155971, "ips": 83.349006, "peak_mem": 10850655744, "tstamp": 1665047919.15}
{"network": "transformer_lm_gpt3_small", "alg": null, "batch_size": 14, "batch_time": 0.16829, "ips": 83.189875, "peak_mem": 11487763968, "tstamp": 1665047949.85}
{"network": "transformer_lm_gpt3_small", "alg": null, "batch_size": 15, "batch_time": 0.177884, "ips": 84.324529, "peak_mem": 12163472896, "tstamp": 1665047981.5}
{"network": "transformer_lm_gpt3_small", "alg": null, "batch_size": 16, "batch_time": 0.188019, "ips": 85.097596, "peak_mem": 12807036416, "tstamp": 1665048013.99}
{"network": "transformer_lm_gpt3_small", "alg": null, "batch_size": 17, "batch_time": 0.200056, "ips": 84.9761, "peak_mem": 13484547584, "tstamp": 1665048047.58}
{"network": "transformer_lm_gpt3_small", "alg": null, "batch_size": 18, "batch_time": 0.208406, "ips": 86.370081, "peak_mem": 14136598016, "tstamp": 1665048082.02}
{"network": "transformer_lm_gpt3_small", "algorithm": null, "batch_size": 19, "ips": -1}
{"network": "transformer_lm_gpt3_small", "algorithm": null, "batch_size": 20, "ips": -1}
{"network": "transformer_lm_gpt3_small", "algorithm": null, "batch_size": 21, "ips": -1}
{"network": "transformer_lm_gpt3_small", "alg": "ckpt", "batch_size": 1, "batch_time": 0.08467, "ips": 11.810548, "peak_mem": 2651185664, "tstamp": 1665048161.59}
{"network": "transformer_lm_gpt3_small", "alg": "ckpt", "batch_size": 2, "batch_time": 0.083203, "ips": 24.037707, "peak_mem": 2885475840, "tstamp": 1665048185.56}
{"network": "transformer_lm_gpt3_small", "alg": "ckpt", "batch_size": 3, "batch_time": 0.08548, "ips": 35.095914, "peak_mem": 3207667200, "tstamp": 1665048209.51}
{"network": "transformer_lm_gpt3_small", "alg": "ckpt", "batch_size": 4, "batch_time": 0.085107, "ips": 46.99962, "peak_mem": 3525959168, "tstamp": 1665048233.38}
{"network": "transformer_lm_gpt3_small", "alg": "ckpt", "batch_size": 5, "batch_time": 0.093051, "ips": 53.733936, "peak_mem": 3846872576, "tstamp": 1665048257.81}
{"network": "transformer_lm_gpt3_small", "alg": "ckpt", "batch_size": 6, "batch_time": 0.105956, "ips": 56.627127, "peak_mem": 4167949824, "tstamp": 1665048283.21}
{"network": "transformer_lm_gpt3_small", "alg": "ckpt", "batch_size": 7, "batch_time": 0.125956, "ips": 55.575122, "peak_mem": 4489190912, "tstamp": 1665048310.26}
{"network": "transformer_lm_gpt3_small", "alg": "ckpt", "batch_size": 8, "batch_time": 0.136563, "ips": 58.580959, "peak_mem": 4807712256, "tstamp": 1665048338.21}
{"network": "transformer_lm_gpt3_small", "alg": "ckpt", "batch_size": 9, "batch_time": 0.14856, "ips": 60.581451, "peak_mem": 5128986112, "tstamp": 1665048367.12}
{"network": "transformer_lm_gpt3_small", "alg": "ckpt", "batch_size": 10, "batch_time": 0.160716, "ips": 62.22147, "peak_mem": 5447474688, "tstamp": 1665048396.82}
{"network": "transformer_lm_gpt3_small", "alg": "ckpt", "batch_size": 11, "batch_time": 0.175597, "ips": 62.643523, "peak_mem": 5767470592, "tstamp": 1665048427.67}
{"network": "transformer_lm_gpt3_small", "alg": "ckpt", "batch_size": 12, "batch_time": 0.18906, "ips": 63.471855, "peak_mem": 6089399808, "tstamp": 1665048459.55}
{"network": "transformer_lm_gpt3_small", "alg": "ckpt", "batch_size": 13, "batch_time": 0.195328, "ips": 66.554879, "peak_mem": 6408371712, "tstamp": 1665048492.29}
{"network": "transformer_lm_gpt3_small", "alg": "ckpt", "batch_size": 14, "batch_time": 0.214764, "ips": 65.187706, "peak_mem": 6729235968, "tstamp": 1665048526.43}
{"network": "transformer_lm_gpt3_small", "alg": "ckpt", "batch_size": 15, "batch_time": 0.235068, "ips": 63.81127, "peak_mem": 7048068608, "tstamp": 1665048562.26}
{"network": "transformer_lm_gpt3_small", "alg": "ckpt", "batch_size": 16, "batch_time": 0.280022, "ips": 57.138422, "peak_mem": 7368834560, "tstamp": 1665048601.45}
{"network": "transformer_lm_gpt3_small", "alg": "ckpt", "batch_size": 17, "batch_time": 0.342228, "ips": 49.674432, "peak_mem": 7687765504, "tstamp": 1665048645.45}
{"network": "transformer_lm_gpt3_small", "alg": "ckpt", "batch_size": 18, "batch_time": 0.295933, "ips": 60.824493, "peak_mem": 8010857984, "tstamp": 1665048686.03}
{"network": "transformer_lm_gpt3_small", "alg": "ckpt", "batch_size": 19, "batch_time": 0.310204, "ips": 61.249925, "peak_mem": 8329788928, "tstamp": 1665048727.72}
{"network": "transformer_lm_gpt3_small", "alg": "ckpt", "batch_size": 20, "batch_time": 0.409393, "ips": 48.852821, "peak_mem": 8650259968, "tstamp": 1665048776.63}
{"network": "transformer_lm_gpt3_small", "alg": "ckpt", "batch_size": 21, "batch_time": 0.643484, "ips": 32.634836, "peak_mem": 8969551360, "tstamp": 1665048843.25}
{"network": "transformer_lm_gpt3_small", "alg": "ckpt", "batch_size": 22, "batch_time": 1.013282, "ips": 21.711636, "peak_mem": 9289661952, "tstamp": 1665048940.79}
{"network": "transformer_lm_gpt3_small", "alg": "ckpt", "batch_size": 23, "batch_time": 0.656391, "ips": 35.040085, "peak_mem": 9609313792, "tstamp": 1665049008.74}
{"network": "transformer_lm_gpt3_small", "alg": "ckpt", "batch_size": 24, "batch_time": 0.379926, "ips": 63.170268, "peak_mem": 9929457152, "tstamp": 1665049055.79}
{"network": "transformer_lm_gpt3_small", "alg": "ckpt", "batch_size": 25, "batch_time": 0.388392, "ips": 64.367898, "peak_mem": 10251484672, "tstamp": 1665049103.7}
{"network": "transformer_lm_gpt3_small", "alg": "ckpt", "batch_size": 26, "batch_time": 0.506631, "ips": 51.319397, "peak_mem": 10569653760, "tstamp": 1665049160.43}
{"network": "transformer_lm_gpt3_small", "alg": "ckpt", "batch_size": 27, "batch_time": 0.833234, "ips": 32.403869, "peak_mem": 10891714048, "tstamp": 1665049242.83}
{"network": "transformer_lm_gpt3_small", "alg": "ckpt", "batch_size": 28, "batch_time": 1.235701, "ips": 22.659211, "peak_mem": 11210137088, "tstamp": 1665049356.52}
{"network": "transformer_lm_gpt3_small", "alg": "ckpt", "batch_size": 29, "batch_time": 0.490121, "ips": 59.169077, "peak_mem": 11531050496,