{"network": "transformer_lm_gpt3_small", "alg": null, "batch_size": 1, "batch_time": 0.060973, "ips": 16.400822, "peak_mem": 2905505280, "total_mem": 2623.612028, "activation_mem": 230.129125, "model_size": 2140.494133, "utilization": 26.111111, "tstamp": 1666157091.19}
{"network": "transformer_lm_gpt3_small", "alg": null, "batch_size": 2, "batch_time": 0.062753, "ips": 31.871219, "peak_mem": 3569344000, "total_mem": 3076.777968, "activation_mem": 712.269885, "model_size": 2107.808242, "utilization": 42.777778, "tstamp": 1666157108.12}
{"network": "transformer_lm_gpt3_small", "alg": null, "batch_size": 3, "batch_time": 0.067309, "ips": 44.570882, "peak_mem": 4238188032, "total_mem": 3599.58615, "activation_mem": 1209.391787, "model_size": 2140.50193, "utilization": 53.0, "tstamp": 1666157124.84}
{"network": "transformer_lm_gpt3_small", "alg": null, "batch_size": 4, "batch_time": 0.073402, "ips": 54.494759, "peak_mem": 4887928320, "total_mem": 4039.754516, "activation_mem": 1678.600569, "model_size": 2107.816039, "utilization": 57.2, "tstamp": 1666157141.79}
{"network": "transformer_lm_gpt3_small", "alg": null, "batch_size": 5, "batch_time": 0.081202, "ips": 61.574704, "peak_mem": 5566373376, "total_mem": 4538.778619, "activation_mem": 2181.866463, "model_size": 2107.819938, "utilization": 61.272727, "tstamp": 1666157159.09}
{"network": "transformer_lm_gpt3_small", "alg": null, "batch_size": 6, "batch_time": 0.089568, "ips": 66.988059, "peak_mem": 6206971392, "total_mem": 5002.199813, "activation_mem": 2650.723414, "model_size": 2107.823836, "utilization": 71.5, "tstamp": 1666157176.58}
{"network": "transformer_lm_gpt3_small", "alg": null, "batch_size": 7, "batch_time": 0.099045, "ips": 70.674636, "peak_mem": 6882336256, "total_mem": 5466.453307, "activation_mem": 3127.520558, "model_size": 2075.137945, "utilization": 74.714286, "tstamp": 1666157194.49}
{"network": "transformer_lm_gpt3_small", "alg": null, "batch_size": 8, "batch_time": 0.106857, "ips": 74.86665, "peak_mem": 7528504832, "total_mem": 5935.608337, "activation_mem": 3596.839793, "model_size": 2075.141844, "utilization": 73.928571, "tstamp": 1666157212.7}
{"network": "transformer_lm_gpt3_small", "alg": null, "batch_size": 9, "batch_time": 0.116179, "ips": 77.466892, "peak_mem": 8201149952, "total_mem": 6430.155609, "activation_mem": 4103.788338, "model_size": 2075.145742, "utilization": 76.8125, "tstamp": 1666157231.44}
{"network": "transformer_lm_gpt3_small", "alg": null, "batch_size": 10, "batch_time": 0.128166, "ips": 78.023984, "peak_mem": 8845843968, "total_mem": 6897.853204, "activation_mem": 4574.972606, "model_size": 2075.149641, "utilization": 79.4375, "tstamp": 1666157250.14}
{"network": "transformer_lm_gpt3_small", "alg": null, "batch_size": 11, "batch_time": 0.140382, "ips": 78.357596, "peak_mem": 9519308288, "total_mem": 7393.034635, "activation_mem": 5076.232843, "model_size": 2075.153539, "utilization": 80.5, "tstamp": 1666157269.39}
{"network": "transformer_lm_gpt3_small", "alg": null, "batch_size": 12, "batch_time": 0.148656, "ips": 80.723183, "peak_mem": 10166631936, "total_mem": 7862.271292, "activation_mem": 5526.258705, "model_size": 2074.437341, "utilization": 78.789474, "tstamp": 1666157288.66}
{"network": "transformer_lm_gpt3_small", "alg": null, "batch_size": 13, "batch_time": 0.152204, "ips": 85.411743, "peak_mem": 10850655744, "total_mem": 8335.726295, "activation_mem": 6043.70523, "model_size": 2042.471547, "utilization": 83.65, "tstamp": 1666157308.43}
{"network": "transformer_lm_gpt3_small", "alg": null, "batch_size": 14, "batch_time": 0.164737, "ips": 84.983972, "peak_mem": 11487763968, "total_mem": 8795.054547, "activation_mem": 6504.525273, "model_size": 2042.475445, "utilization": 84.909091, "tstamp": 1666157328.69}
{"network": "transformer_lm_gpt3_small", "alg": null, "batch_size": 15, "batch_time": 0.173042, "ips": 86.684339, "peak_mem": 12164259328, "total_mem": 9293.961463, "activation_mem": 7010.239308, "model_size": 2042.479344, "utilization": 84.136364, "tstamp": 1666157349.07}
{"network": "transformer_lm_gpt3_small", "alg": null, "batch_size": 16, "batch_time": 0.184418, "ips": 86.759377, "peak_mem": 12807036416, "total_mem": 9758.859219, "activation_mem": 7468.728128, "model_size": 2042.483243, "utilization": 84.458333, "tstamp": 1666157370.03}
{"network": "transformer_lm_gpt3_small", "alg": null, "batch_size": 17, "batch_time": 0.19629, "ips": 86.60667, "peak_mem": 13484547584, "total_mem": 10258.485424, "activation_mem": 7972.271636, "model_size": 2042.487141, "utilization": 86.52, "tstamp": 1666157391.48}
{"network": "transformer_lm_gpt3_small", "alg": null, "batch_size": 18, "batch_time": 0.204072, "ips": 88.204339, "peak_mem": 14136598016, "total_mem": 10731.690831, "activation_mem": 8435.288608, "model_size": 2042.49104, "utilization": 85.111111, "tstamp": 1666157413.46}
{"network": "transformer_lm_gpt3_small", "alg": null, "batch_size": 19, "batch_time": 0.213744, "ips": 88.891319, "peak_mem": 14810570240, "total_mem": 11227.579967, "activation_mem": 8930.837638, "model_size": 2042.494939, "utilization": 84.535714, "tstamp": 1666157435.56}