{"network": "transformer_lm_gpt3_small", "alg": null, "batch_size": 4, "batch_time": 0.071887, "ips": 55.642969, "peak_mem": 13660872704, "tstamp": 1659569539.55}
{"network": "transformer_lm_gpt3_small", "alg": null, "batch_size": 8, "batch_time": 0.101933, "ips": 78.482812, "peak_mem": 16340844544, "tstamp": 1659569594.28}
{"network": "transformer_lm_gpt3_small", "alg": null, "batch_size": 12, "batch_time": 0.135699, "ips": 88.430859, "peak_mem": 18994198528, "tstamp": 1659569658.81}
{"network": "transformer_lm_gpt3_small", "alg": null, "batch_size": 16, "batch_time": 0.178231, "ips": 89.770898, "peak_mem": 21624717312, "tstamp": 1659569738.29}
{"network": "transformer_lm_gpt3_small", "alg": null, "batch_size": 20, "batch_time": 0.216326, "ips": 92.45293, "peak_mem": 24250966016, "tstamp": 1659569829.15}
{"network": "transformer_lm_gpt3_small", "alg": null, "batch_size": 24, "batch_time": 0.258146, "ips": 92.970508, "peak_mem": 26896777216, "tstamp": 1659569933.85}
{"network": "transformer_lm_gpt3_small", "alg": null, "batch_size": 28, "batch_time": 0.298464, "ips": 93.813672, "peak_mem": 29624180736, "tstamp": 1659570052.72}
{"network": "transformer_lm_gpt3_small", "alg": null, "batch_size": 32, "batch_time": 0.334805, "ips": 95.578125, "peak_mem": 32211091456, "tstamp": 1659570182.67}
{"network": "transformer_lm_gpt3_small", "alg": null, "batch_size": 36, "batch_time": 0.366282, "ips": 98.284961, "peak_mem": 34909167616, "tstamp": 1659570321.79}
{"network": "transformer_lm_gpt3_small", "alg": null, "batch_size": 40, "batch_time": 0.40491, "ips": 98.7875, "peak_mem": 37445359616, "tstamp": 1659570474.12}
{"network": "transformer_lm_gpt3_small", "alg": null, "batch_size": 44, "batch_time": 0.454063, "ips": 96.90293, "peak_mem": 40110514176, "tstamp": 1659570640.48}
{"network": "transformer_lm_gpt3_small", "alg": null, "batch_size": 48, "batch_time": 0.486999, "ips": 98.562891, "peak_mem": 42762278912, "tstamp": 1659570816.31}
{"network": "transformer_lm_gpt3_small", "alg": null, "batch_size": 52, "batch_time": 0.523791, "ips": 99.276172, "peak_mem": 45433937920, "tstamp": 1659571008.83}
{"network": "transformer_lm_gpt3_small", "alg": null, "batch_size": 56, "batch_time": 0.564117, "ips": 99.270117, "peak_mem": 48062906368, "tstamp": 1659571214.14}
{"network": "transformer_lm_gpt3_small", "alg": null, "batch_size": 60, "batch_time": 0.600436, "ips": 99.927344, "peak_mem": 50720432128, "tstamp": 1659571431.59}
{"network": "transformer_lm_gpt3_small", "alg": null, "batch_size": 64, "batch_time": 0.635398, "ips": 100.724219, "peak_mem": 53279463424, "tstamp": 1659571661.08}
{"network": "transformer_lm_gpt3_small", "alg": "ckpt", "batch_size": 4, "batch_time": 0.082276, "ips": 48.616797, "peak_mem": 12996478976, "tstamp": 1659572088.05}
{"network": "transformer_lm_gpt3_small", "alg": "ckpt", "batch_size": 8, "batch_time": 0.127237, "ips": 62.875, "peak_mem": 13621985280, "tstamp": 1659572150.61}
{"network": "transformer_lm_gpt3_small", "alg": "ckpt", "batch_size": 12, "batch_time": 0.173516, "ips": 69.157813, "peak_mem": 14833756160, "tstamp": 1659572227.95}
{"network": "transformer_lm_gpt3_small", "alg": "ckpt", "batch_size": 16, "batch_time": 0.227658, "ips": 70.280859, "peak_mem": 16172367872, "tstamp": 1659572322.21}
{"network": "transformer_lm_gpt3_small", "alg": "ckpt", "batch_size": 20, "batch_time": 0.285927, "ips": 69.947852, "peak_mem": 17432879104, "tstamp": 1659572434.23}
{"network": "transformer_lm_gpt3_small", "alg": "ckpt", "batch_size": 24, "batch_time": 0.338546, "ips": 70.891406, "peak_mem": 18689038336, "tstamp": 1659572561.83}
{"network": "transformer_lm_gpt3_small", "alg": "ckpt", "batch_size": 28, "batch_time": 0.389623, "ips": 71.864258, "peak_mem": 20033036288, "tstamp": 1659572707.92}
{"network": "transformer_lm_gpt3_small", "alg": "ckpt", "batch_size": 32, "batch_time": 0.435914, "ips": 73.408984, "peak_mem": 21274705920, "tstamp": 1659572869.07}
{"network": "transformer_lm_gpt3_small", "alg": "ckpt", "batch_size": 36, "batch_time": 0.477743, "ips": 75.354297, "peak_mem": 22530007040, "tstamp": 1659573042.99}
{"network": "transformer_lm_gpt3_small", "alg": "ckpt", "batch_size": 40, "batch_time": 0.533805, "ips": 74.933789, "peak_mem": 23852613632, "tstamp": 1659573235.11}
{"network": "transformer_lm_gpt3_small", "alg": "ckpt", "batch_size": 44, "batch_time": 0.602741, "ips": 72.999805, "peak_mem": 25104277504, "tstamp": 1659573447.19}
{"network": "transformer_lm_gpt3_small", "alg": "ckpt", "batch_size": 48, "batch_time": 0.648055, "ips": 74.067773, "peak_mem": 26372063232, "tstamp": 1659573673.79}
{"network": "transformer_lm_gpt3_small", "alg": "ckpt", "batch_size": 52, "batch_time": 0.686092, "ips": 75.791602, "peak_mem": 27673731072, "tstamp": 1659573914.63}
{"network": "transformer_lm_gpt3_small", "alg": "ckpt", "batch_size": 56, "batch_time": 0.73691, "ips": 75.992969, "peak_mem": 28945645568, "tstamp": 1659574171.56}
{"network": "transformer_lm_gpt3_small", "alg": "ckpt", "batch_size": 60, "batch_time": 0.796307, "ips": 75.347852, "peak_mem": 30210127872, "tstamp": 1659574447.24}
{"network": "transformer_lm_gpt3_small", "alg": "ckpt", "batch_size": 64, "batch_time": 0.845403, "ips": 75.703516, "peak_mem": 31518195712, "tstamp": 1659574738.87}
{"network": "transformer_lm_gpt3_small", "alg": "ckpt", "batch_size": 68, "batch_time": 0.900616, "ips": 75.503906, "peak_mem": 32778166272, "tstamp": 1659575048.09}
{"network": "transformer_lm_gpt3_small", "alg": "ckpt", "batch_size": 72, "batch_time": 0.967402, "ips": 74.426172, "peak_mem": 34058387456, "tstamp": 1659575378.8}
{"network": "transformer_lm_gpt3_small", "alg": "ckpt", "batch_size": 76, "batch_time": 1.009296, "ips": 75.3, "peak_mem": 35366166528, "tstamp": 1659575722.9}
{"network": "transformer_lm_gpt3_small", "alg": "ckpt", "batch_size": 80, "batch_time": 1.055869, "ips": 75.766992, "peak_mem": 36652761088, "tstamp": 1659576083.38}
{"network": "transformer_lm_gpt3_small", "alg": "ckpt", "batch_size": 84, "batch_time": 1.135723, "ips": 73.961719, "peak_mem": 37904752640, "tstamp": 1659576470.06}
{"network": "transformer_lm_gpt3_small", "alg": "ckpt", "batch_size": 92, "batch_time": 1.184128, "ips": 77.694336, "peak_mem": 40479514624, "tstamp": 1659579108.43}
{"network": "transformer_lm_gpt3_small", "alg": "ckpt", "batch_size": 96, "batch_time": 1.283825, "ips": 74.776562, "peak_mem": 41736486912, "tstamp": 1659579537.66}
{"network": "transformer_lm_gpt3_small", "alg": "ckpt", "batch_size": 100, "batch_time": 1.340384, "ips": 74.605469, "peak_mem": 43046608896, "tstamp": 1659579984.81}
{"network": "transformer_lm_gpt3_small", "alg": "ckpt", "batch_size": 104, "batch_time": 1.359231, "ips": 76.513867, "peak_mem": 44317278208, "tstamp": 1659580446.1}
{"network": "transformer_lm_gpt3_small", "alg": "ckpt", "batch_size": 108, "batch_time": 1.424244, "ips": 75.829688, "peak_mem": 45594501120, "tstamp": 1659580927.77}
{"network": "transformer_lm_gpt3_small", "alg": "ckpt", "batch_size": 112, "batch_time": 1.499127, "ips": 74.710156, "peak_mem": 46882340864, "tstamp": 1659581433.25}
{"network": "transformer_lm_gpt3_small", "alg": "ckpt", "batch_size": 116, "batch_time": 1.529531, "ips": 75.840234, "peak_mem": 48176996352, "tstamp": 1659581948.77}
{"network": "transformer_lm_gpt3_small", "alg": "ckpt", "batch_size": 120, "batch_time": 1.607994, "ips": 74.627148, "peak_mem": 49438752768, "tstamp": 1659582490.45}
{"network": "transformer_lm_gpt3_small", "alg": "ckpt", "batch_size": 124, "batch_time": 1.670508, "ips": 74.228906, "peak_mem": 50724233216, "tstamp": 1659583052.75}
{"network": "transformer_lm_gpt3_small", "alg": "ckpt", "batch_size": 128, "batch_time": 1.679183, "ips": 76.227539, "peak_mem": 52005650432, "tstamp": 1659583617.65}
{"network": "transformer_lm_gpt3_small", "alg": "ckpt", "batch_size": 132, "batch_time": 1.744585, "ips": 75.662695, "peak_mem": 53279711232, "tstamp": 1659584204.13}
{"network": "transformer_lm_gpt3_small", "alg": "L1", "batch_size": 4,