{"network": "transformer_lm_gpt3_small", "alg": null, "batch_size": 1, "batch_time": 0.019396, "ips": 51.557422, "peak_mem": 12625094656, "tstamp": 1659232978.99}
{"network": "transformer_lm_gpt3_small", "alg": null, "batch_size": 2, "batch_time": 0.019557, "ips": 102.264258, "peak_mem": 15282026496, "tstamp": 1659233025.3}
{"network": "transformer_lm_gpt3_small", "alg": null, "batch_size": 3, "batch_time": 0.019611, "ips": 152.979102, "peak_mem": 17966712832, "tstamp": 1659233066.66}
{"network": "transformer_lm_gpt3_small", "alg": null, "batch_size": 4, "batch_time": 0.021745, "ips": 183.954102, "peak_mem": 20562513920, "tstamp": 1659233107.41}
{"network": "transformer_lm_gpt3_small", "alg": null, "batch_size": 5, "batch_time": 0.023534, "ips": 212.458789, "peak_mem": 23264047104, "tstamp": 1659233148.42}
{"network": "transformer_lm_gpt3_small", "alg": null, "batch_size": 6, "batch_time": 0.02476, "ips": 242.321875, "peak_mem": 25844977664, "tstamp": 1659233190.69}
{"network": "transformer_lm_gpt3_small", "alg": "ckpt", "batch_size": 1, "batch_time": 0.024497, "ips": 40.820898, "peak_mem": 11607126016, "tstamp": 1659233348.21}
{"network": "transformer_lm_gpt3_small", "alg": "ckpt", "batch_size": 2, "batch_time": 0.02371, "ips": 84.352344, "peak_mem": 12554782720, "tstamp": 1659233390.14}
{"network": "transformer_lm_gpt3_small", "alg": "ckpt", "batch_size": 3, "batch_time": 0.024979, "ips": 120.10293, "peak_mem": 13837322240, "tstamp": 1659233431.33}
{"network": "transformer_lm_gpt3_small", "alg": "ckpt", "batch_size": 4, "batch_time": 0.025188, "ips": 158.804883, "peak_mem": 15116716032, "tstamp": 1659233472.29}
{"network": "transformer_lm_gpt3_small", "alg": "ckpt", "batch_size": 5, "batch_time": 0.028115, "ips": 177.842383, "peak_mem": 16393578496, "tstamp": 1659233514.75}
{"network": "transformer_lm_gpt3_small", "alg": "ckpt", "batch_size": 6, "batch_time": 0.0296, "ips": 202.701953, "peak_mem": 17684697088, "tstamp": 1659233556.78}
{"network": "transformer_lm_gpt3_small", "alg": "ckpt", "batch_size": 7, "batch_time": 0.033752, "ips": 207.392773, "peak_mem": 18967564288, "tstamp": 1659233599.29}
{"network": "transformer_lm_gpt3_small", "alg": "ckpt", "batch_size": 8, "batch_time": 0.03631, "ips": 220.327148, "peak_mem": 20245825536, "tstamp": 1659233642.12}
{"network": "transformer_lm_gpt3_small", "alg": "ckpt", "batch_size": 9, "batch_time": 0.039066, "ips": 230.376563, "peak_mem": 21529366528, "tstamp": 1659233685.85}
{"network": "transformer_lm_gpt3_small", "alg": "ckpt", "batch_size": 10, "batch_time": 0.042601, "ips": 234.734766, "peak_mem": 22794727424, "tstamp": 1659233730.96}
{"network": "transformer_lm_gpt3_small", "alg": "ckpt", "batch_size": 11, "batch_time": 0.045345, "ips": 242.584375, "peak_mem": 24078745600, "tstamp": 1659233776.41}
{"network": "transformer_lm_gpt3_small", "alg": "ckpt", "batch_size": 12, "batch_time": 0.048137, "ips": 249.287305, "peak_mem": 25370497024, "tstamp": 1659233821.21}