{"network": "transformer_lm_gpt3_small", "alg": null, "batch_size": 1, "batch_time": 0.048286, "ips": 20.709961, "peak_mem": 3172187136, "tstamp": 1655071884.65}
{"network": "transformer_lm_gpt3_small", "alg": null, "batch_size": 2, "batch_time": 0.049822, "ips": 40.142969, "peak_mem": 3835493376, "tstamp": 1655071944.34}
{"network": "transformer_lm_gpt3_small", "alg": null, "batch_size": 3, "batch_time": 0.049069, "ips": 61.138086, "peak_mem": 4505975808, "tstamp": 1655072003.32}
{"network": "transformer_lm_gpt3_small", "alg": null, "batch_size": 4, "batch_time": 0.055429, "ips": 72.164844, "peak_mem": 5153344512, "tstamp": 1655072071.49}
{"network": "transformer_lm_gpt3_small", "alg": null, "batch_size": 5, "batch_time": 0.060003, "ips": 83.329102, "peak_mem": 5816048640, "tstamp": 1655072143.97}
{"network": "transformer_lm_gpt3_small", "alg": null, "batch_size": 6, "batch_time": 0.070346, "ips": 85.292578, "peak_mem": 6469762048, "tstamp": 1655072223.86}
{"network": "transformer_lm_gpt3_small", "alg": null, "batch_size": 7, "batch_time": 0.086303, "ips": 81.109375, "peak_mem": 7152077824, "tstamp": 1655072316.26}
{"network": "transformer_lm_gpt3_small", "alg": null, "batch_size": 8, "batch_time": 0.091969, "ips": 86.985742, "peak_mem": 7802047488, "tstamp": 1655072416.79}
{"network": "transformer_lm_gpt3_small", "alg": null, "batch_size": 9, "batch_time": 0.102141, "ips": 88.113867, "peak_mem": 8470236160, "tstamp": 1655072526.9}
{"network": "transformer_lm_gpt3_small", "alg": null, "batch_size": 10, "batch_time": 0.110306, "ips": 90.656836, "peak_mem": 9109949440, "tstamp": 1655072643.91}
{"network": "transformer_lm_gpt3_small", "alg": null, "batch_size": 11, "batch_time": 0.120757, "ips": 91.092187, "peak_mem": 9770171392, "tstamp": 1655072769.97}
{"network": "transformer_lm_gpt3_small", "alg": null, "batch_size": 12, "batch_time": 0.129739, "ips": 92.493555, "peak_mem": 10440543232, "tstamp": 1655072901.32}
{"network": "transformer_lm_gpt3_small", "alg": null, "batch_size": 13, "batch_time": 0.140061, "ips": 92.816797, "peak_mem": 11107290112, "tstamp": 1655073043.43}
{"network": "transformer_lm_gpt3_small", "alg": null, "batch_size": 14, "batch_time": 0.150018, "ips": 93.322266, "peak_mem": 11747544064, "tstamp": 1655073197.12}
{"network": "transformer_lm_gpt3_small", "alg": null, "batch_size": 15, "batch_time": 0.158261, "ips": 94.780078, "peak_mem": 12415650816, "tstamp": 1655073362.16}
{"network": "transformer_lm_gpt3_small", "alg": null, "batch_size": 16, "batch_time": 0.168321, "ips": 95.056641, "peak_mem": 13066423296, "tstamp": 1655073538.24}
{"network": "transformer_lm_gpt3_small", "alg": null, "batch_size": 17, "batch_time": 0.175391, "ips": 96.926367, "peak_mem": 13737774080, "tstamp": 1655073724.52}
{"network": "transformer_lm_gpt3_small", "alg": "ckpt", "batch_size": 1, "batch_time": 0.06864, "ips": 14.56875, "peak_mem": 2817543168, "tstamp": 1655074021.79}
{"network": "transformer_lm_gpt3_small", "alg": "ckpt", "batch_size": 2, "batch_time": 0.068919, "ips": 29.019531, "peak_mem": 3151281152, "tstamp": 1655074094.74}
{"network": "transformer_lm_gpt3_small", "alg": "ckpt", "batch_size": 3, "batch_time": 0.06925, "ips": 43.321094, "peak_mem": 3455785984, "tstamp": 1655074166.33}
{"network": "transformer_lm_gpt3_small", "alg": "ckpt", "batch_size": 4, "batch_time": 0.069615, "ips": 57.45918, "peak_mem": 3791240192, "tstamp": 1655074240.18}
{"network": "transformer_lm_gpt3_small", "alg": "ckpt", "batch_size": 5, "batch_time": 0.076582, "ips": 65.289648, "peak_mem": 4102568960, "tstamp": 1655074319.82}
{"network": "transformer_lm_gpt3_small", "alg": "ckpt", "batch_size": 6, "batch_time": 0.090187, "ips": 66.528711, "peak_mem": 4420615168, "tstamp": 1655074408.63}
{"network": "transformer_lm_gpt3_small", "alg": "ckpt", "batch_size": 7, "batch_time": 0.123098, "ips": 56.865234, "peak_mem": 4757224448, "tstamp": 1655074523.12}
{"network": "transformer_lm_gpt3_small", "alg": "ckpt", "batch_size": 8, "batch_time": 0.118108, "ips": 67.734375, "peak_mem": 5067750400, "tstamp": 1655074635.9}
{"network": "transformer_lm_gpt3_small", "alg": "ckpt", "batch_size": 9, "batch_time": 0.129837, "ips": 69.317773, "peak_mem": 5379456000, "tstamp": 1655074758.31}
{"network": "transformer_lm_gpt3_small", "alg": "ckpt", "batch_size": 10, "batch_time": 0.140487, "ips": 71.180859, "peak_mem": 5707774976, "tstamp": 1655074889.31}
{"network": "transformer_lm_gpt3_small", "alg": "ckpt", "batch_size": 11, "batch_time": 0.15575, "ips": 70.626172, "peak_mem": 6022396928, "tstamp": 1655075032.55}
{"network": "transformer_lm_gpt3_small", "alg": "ckpt", "batch_size": 12, "batch_time": 0.166575, "ips": 72.039648, "peak_mem": 6342102016, "tstamp": 1655075184.63}
{"network": "transformer_lm_gpt3_small", "alg": "ckpt", "batch_size": 13, "batch_time": 0.181651, "ips": 71.565625, "peak_mem": 6668303360, "tstamp": 1655075345.17}
{"network": "transformer_lm_gpt3_small", "alg": "ckpt", "batch_size": 14, "batch_time": 0.194076, "ips": 72.136523, "peak_mem": 6986013696, "tstamp": 1655075519.65}
{"network": "transformer_lm_gpt3_small", "alg": "ckpt", "batch_size": 14, "batch_time": 0.192459, "ips": 72.742773, "peak_mem": 6986013696, "tstamp": 1655077174.84}
{"network": "transformer_lm_gpt3_small", "alg": "ckpt", "batch_size": 15, "batch_time": 0.20452, "ips": 73.342383, "peak_mem": 7298169856, "tstamp": 1655077357.71}
{"network": "transformer_lm_gpt3_small", "alg": "ckpt", "batch_size": 16, "batch_time": 0.216899, "ips": 73.767188, "peak_mem": 7626406912, "tstamp": 1655077550.61}
{"network": "transformer_lm_gpt3_small", "alg": "ckpt", "batch_size": 17, "batch_time": 0.231594, "ips": 73.404297, "peak_mem": 7941782528, "tstamp": 1655077755.76}
{"network": "transformer_lm_gpt3_small", "alg": "ckpt", "batch_size": 18, "batch_time": 0.243153, "ips": 74.027344, "peak_mem": 8260697088, "tstamp": 1655077969.86}
{"network": "transformer_lm_gpt3_small", "alg": "ckpt", "batch_size": 19, "batch_time": 0.254083, "ips": 74.778711, "peak_mem": 8591031296, "tstamp": 1655078193.02}
{"network": "transformer_lm_gpt3_small", "alg": "ckpt", "batch_size": 20, "batch_time": 0.263525, "ips": 75.894141, "peak_mem": 8911633408, "tstamp": 1655078423.46}
{"network": "transformer_lm_gpt3_small", "alg": "ckpt", "batch_size": 21, "batch_time": 0.282058, "ips": 74.452734, "peak_mem": 9220045824, "tstamp": 1655078671.6}
{"network": "transformer_lm_gpt3_small", "alg": "ckpt", "batch_size": 22, "batch_time": 0.292939, "ips": 75.100977, "peak_mem": 9546054656, "tstamp": 1655078928.74}
{"network": "transformer_lm_gpt3_small", "alg": "ckpt", "batch_size": 23, "batch_time": 0.305279, "ips": 75.34082, "peak_mem": 9860725760, "tstamp": 1655079195.4}
{"network": "transformer_lm_gpt3_small", "alg": "ckpt", "batch_size": 24, "batch_time": 0.317544, "ips": 75.580078, "peak_mem": 10179034112, "tstamp": 1655079478.01}
{"network": "transformer_lm_gpt3_small", "alg": "ckpt", "batch_size": 25, "batch_time": 0.335987, "ips": 74.407617, "peak_mem": 10506697728, "tstamp": 1655079764.81}
{"network": "transformer_lm_gpt3_small", "alg": "ckpt", "batch_size": 26, "batch_time": 0.347733, "ips": 74.770117, "peak_mem": 10825763840, "tstamp": 1655080061.62}
{"network": "transformer_lm_gpt3_small", "alg": "ckpt", "batch_size": 27, "batch_time": 0.366266, "ips": 73.716992, "peak_mem": 11145509888, "tstamp": 1655080373.93}
{"network": "transformer_lm_gpt3_small", "alg": "ckpt", "batch_size": 28, "batch_time": 0.376165, "ips": 74.435352, "peak_mem": 11464588288, "tstamp": 1655080695.97}
{"network": "transformer_lm_gpt3_small", "alg": "ckpt", "batch_size": 29, "batch_time": 0.38164, "ips": 75.987891, "peak_mem": 11789302784, "tstamp": 1655081037.61}
{"network": "transformer_lm_gpt3_small", "alg": "ckpt", "batch_size": 30, "batch_time": 0.39198, "ips": 76.53457, "peak_mem": 12104301568, "tstamp": 1655081387.64}
{"network": "transformer_lm_gpt3_small", "alg": "ckpt", "batch_size": 31, "batch_time": 0.404813, "ips": 76.578516,