{"network": "transformer_lm_gpt3_small", "alg": null, "batch_size": 1, "batch_time": 0.044517, "ips": 22.463281, "peak_mem": 3172266496, "tstamp": 1655235643.97}
{"network": "transformer_lm_gpt3_small", "alg": null, "batch_size": 2, "batch_time": 0.078077, "ips": 25.615625, "peak_mem": 3835443712, "tstamp": 1655235709.94}
{"network": "transformer_lm_gpt3_small", "alg": null, "batch_size": 3, "batch_time": 0.11451, "ips": 26.198633, "peak_mem": 4494680576, "tstamp": 1655235797.14}
{"network": "transformer_lm_gpt3_small", "alg": null, "batch_size": 4, "batch_time": 0.148588, "ips": 26.920117, "peak_mem": 5148944896, "tstamp": 1655235910.81}
{"network": "transformer_lm_gpt3_small", "alg": null, "batch_size": 5, "batch_time": 0.18145, "ips": 27.555859, "peak_mem": 5811139072, "tstamp": 1655236044.88}
{"network": "transformer_lm_gpt3_small", "alg": null, "batch_size": 6, "batch_time": 0.223434, "ips": 26.853516, "peak_mem": 6471817728, "tstamp": 1655236200.95}
{"network": "transformer_lm_gpt3_small", "alg": null, "batch_size": 7, "batch_time": 0.255779, "ips": 27.367383, "peak_mem": 7149203968, "tstamp": 1655236384.33}
{"network": "transformer_lm_gpt3_small", "alg": null, "batch_size": 8, "batch_time": 0.28796, "ips": 27.781641, "peak_mem": 7801563648, "tstamp": 1655236588.77}
{"network": "transformer_lm_gpt3_small", "alg": null, "batch_size": 9, "batch_time": 0.319671, "ips": 28.153906, "peak_mem": 8468357632, "tstamp": 1655236813.83}
{"network": "transformer_lm_gpt3_small", "alg": null, "batch_size": 10, "batch_time": 0.354239, "ips": 28.229492, "peak_mem": 9106160128, "tstamp": 1655237060.53}
{"network": "transformer_lm_gpt3_small", "alg": null, "batch_size": 11, "batch_time": 0.394804, "ips": 27.861914, "peak_mem": 9772888576, "tstamp": 1655237333.77}
{"network": "transformer_lm_gpt3_small", "alg": null, "batch_size": 12, "batch_time": 0.424761, "ips": 28.251172, "peak_mem": 10438928896, "tstamp": 1655237626.78}
{"network": "transformer_lm_gpt3_small", "alg": null, "batch_size": 13, "batch_time": 0.468798, "ips": 27.730469, "peak_mem": 11100070400, "tstamp": 1655237940.47}
{"network": "transformer_lm_gpt3_small", "alg": null, "batch_size": 14, "batch_time": 0.49737, "ips": 28.148047, "peak_mem": 11754953216, "tstamp": 1655238282.15}
{"network": "transformer_lm_gpt3_small", "alg": null, "batch_size": 15, "batch_time": 0.52866, "ips": 28.373633, "peak_mem": 12429820416, "tstamp": 1655238645.18}
{"network": "transformer_lm_gpt3_small", "alg": null, "batch_size": 16, "batch_time": 0.55439, "ips": 28.860547, "peak_mem": 13066521088, "tstamp": 1655239026.23}
{"network": "transformer_lm_gpt3_small", "alg": null, "batch_size": 18, "batch_time": 0.634859, "ips": 28.352734, "peak_mem": 14401350144, "tstamp": 1655239571.46}
{"network": "transformer_lm_gpt3_small", "alg": "ckpt", "batch_size": 1, "batch_time": 0.057042, "ips": 17.531055, "peak_mem": 2993416192, "tstamp": 1655239756.28}
{"network": "transformer_lm_gpt3_small", "alg": "ckpt", "batch_size": 2, "batch_time": 0.103312, "ips": 19.358789, "peak_mem": 3149433344, "tstamp": 1655239836.91}
{"network": "transformer_lm_gpt3_small", "alg": "ckpt", "batch_size": 3, "batch_time": 0.149606, "ips": 20.052734, "peak_mem": 3454345728, "tstamp": 1655239944.16}
{"network": "transformer_lm_gpt3_small", "alg": "ckpt", "batch_size": 4, "batch_time": 0.195891, "ips": 20.419531, "peak_mem": 3790838272, "tstamp": 1655240083.86}
{"network": "transformer_lm_gpt3_small", "alg": "ckpt", "batch_size": 5, "batch_time": 0.238891, "ips": 20.930078, "peak_mem": 4103942656, "tstamp": 1655240251.1}
{"network": "transformer_lm_gpt3_small", "alg": "ckpt", "batch_size": 6, "batch_time": 0.292418, "ips": 20.518555, "peak_mem": 4419586560, "tstamp": 1655240447.19}
{"network": "transformer_lm_gpt3_small", "alg": "ckpt", "batch_size": 7, "batch_time": 0.336991, "ips": 20.77207, "peak_mem": 4753117696, "tstamp": 1655240677.04}
{"network": "transformer_lm_gpt3_small", "alg": "ckpt", "batch_size": 8, "batch_time": 0.37946, "ips": 21.082617, "peak_mem": 5067733504, "tstamp": 1655240934.59}
{"network": "transformer_lm_gpt3_small", "alg": "ckpt", "batch_size": 9, "batch_time": 0.420668, "ips": 21.394531, "peak_mem": 5378679296, "tstamp": 1655241218.55}
{"network": "transformer_lm_gpt3_small", "alg": "ckpt", "batch_size": 10, "batch_time": 0.467576, "ips": 21.386914, "peak_mem": 5705787904, "tstamp": 1655241532.49}
{"network": "transformer_lm_gpt3_small", "alg": "ckpt", "batch_size": 11, "batch_time": 0.522575, "ips": 21.049609, "peak_mem": 6021591552, "tstamp": 1655241881.82}
{"network": "transformer_lm_gpt3_small", "alg": "ckpt", "batch_size": 12, "batch_time": 0.564467, "ips": 21.258984, "peak_mem": 6343121408, "tstamp": 1655242257.99}
{"network": "transformer_lm_gpt3_small", "alg": "ckpt", "batch_size": 13, "batch_time": 0.627268, "ips": 20.724805, "peak_mem": 6663164416, "tstamp": 1655242662.17}
{"network": "transformer_lm_gpt3_small", "alg": "ckpt", "batch_size": 14, "batch_time": 0.649322, "ips": 21.560938, "peak_mem": 6985075200, "tstamp": 1655243093.69}
{"network": "transformer_lm_gpt3_small", "alg": "ckpt", "batch_size": 15, "batch_time": 0.699383, "ips": 21.447461, "peak_mem": 7297352192, "tstamp": 1655243556.03}
{"network": "transformer_lm_gpt3_small", "alg": "ckpt", "batch_size": 16, "batch_time": 0.740245, "ips": 21.614453, "peak_mem": 7625980416, "tstamp": 1655244046.1}
{"network": "transformer_lm_gpt3_small", "alg": "ckpt", "batch_size": 17, "batch_time": 0.797712, "ips": 21.310938, "peak_mem": 7947137536, "tstamp": 1655244572.13}
{"network": "transformer_lm_gpt3_small", "alg": "ckpt", "batch_size": 18, "batch_time": 0.854251, "ips": 21.071094, "peak_mem": 8260659712, "tstamp": 1655245133.51}
{"network": "transformer_lm_gpt3_small", "alg": "ckpt", "batch_size": 19, "batch_time": 0.876886, "ips": 21.667578, "peak_mem": 8590705152, "tstamp": 1655245710.96}
{"network": "transformer_lm_gpt3_small", "alg": "ckpt", "batch_size": 20, "batch_time": 0.936126, "ips": 21.364648, "peak_mem": 8904907264, "tstamp": 1655246324.38}
{"network": "transformer_lm_gpt3_small", "alg": "ckpt", "batch_size": 21, "batch_time": 0.995878, "ips": 21.086914, "peak_mem": 9220002304, "tstamp": 1655246977.98}
{"network": "transformer_lm_gpt3_small", "alg": "ckpt", "batch_size": 22, "batch_time": 1.02956, "ips": 21.368359, "peak_mem": 9547975168, "tstamp": 1655247651.87}
{"network": "transformer_lm_gpt3_small", "alg": "ckpt", "batch_size": 23, "batch_time": 1.074188, "ips": 21.411523, "peak_mem": 9862644224, "tstamp": 1655248356.02}
{"network": "transformer_lm_gpt3_small", "alg": "ckpt", "batch_size": 24, "batch_time": 1.125213, "ips": 21.329297, "peak_mem": 10179377664, "tstamp": 1655249092.0}
{"network": "transformer_lm_gpt3_small", "alg": "ckpt", "batch_size": 25, "batch_time": 1.20423, "ips": 20.760156, "peak_mem": 10507174400, "tstamp": 1655249854.84}
{"network": "transformer_lm_gpt3_small", "alg": "ckpt", "batch_size": 26, "batch_time": 1.260558, "ips": 20.625781, "peak_mem": 10825886208, "tstamp": 1655250652.64}
{"network": "transformer_lm_gpt3_small", "alg": "ckpt", "batch_size": 27, "batch_time": 1.305173, "ips": 20.686914, "peak_mem": 11146215936, "tstamp": 1655251478.44}
{"network": "transformer_lm_gpt3_small", "alg": "ckpt", "batch_size": 28, "batch_time": 1.369494, "ips": 20.445508, "peak_mem": 11464399360, "tstamp": 1655252344.09}
{"network": "transformer_lm_gpt3_small", "alg": "ckpt", "batch_size": 29, "batch_time": 1.350518, "ips": 21.473242, "peak_mem": 11784655360, "tstamp": 1655253225.94}
{"network": "transformer_lm_gpt3_small", "alg": "ckpt", "batch_size": 30, "batch_time": 1.383024, "ips": 21.691602, "peak_mem": 12104632832, "tstamp": 1655254131.25}
{"network": "transformer_lm_gpt3_small", "alg": "ckpt", "batch_size": 31, "batch_time": 1.467551, "ips": 21.123633, "peak_mem": 12426314240, "tstamp": 1655255089.39}
{"network": "transformer_lm_gpt3_small", "alg": "ckpt", "batch_size": 32, "batch_time": 1.503616, "ips": 21.282031,