{"0.0": 0.8804017857142865, "1.0": 0.8815936426116846, "2.0": 0.8505907626208379, "3.0": 0.6789312617702515, "4.0": 0.7847795823665841, "5.0": 0.04867240543161864, "6.0": 0.8817070275403621, "7.0": 0.6601204351204375, "8.0": 0.7382030046224979, "9.0": 0.742732261357836, "10.0": 0.14055685358255215, "11.0": 0.7380838815789363, "12.0": 0.7816019032513892, "13.0": 0.5283050847457694, "14.0": 0.47723654283544203, "15.0": 0.6704737544483994, "16.0": 0.694926948051951, "17.0": 0.7231609195402324, "18.0": 0.7026387571157445, "19.0": 0.13809489678899076, "20.0": 0.7334541062801968, "21.0": 0.7814566929133874, "22.0": 0.545961538461547, "23.0": 0.4892566287878421, "24.0": 0.6158887468030698, "25.0": 0.6969480519480548, "26.0": 0.7381644838212653, "27.0": 0.7104760208926842, "28.0": 0.15876079913606897, "29.0": 0.7333442408376996, "30.0": 0.7816019032513892, "31.0": 0.537207748830998, "32.0": 0.4502875766870747, "33.0": 0.7186570631970268, "34.0": 0.6936038961038994, "35.0": 0.7148750000000028, "36.0": 0.6771005036629953, "37.0": 0.1868222031963473, "38.0": 0.7298930921052669, "39.0": 0.7805928853754956, "40.0": 0.5495706737120215, "41.0": 0.4128672420124417, "42.0": 0.8500254841997974, "43.0": 0.6878332249674937, "44.0": 0.6908705701078625, "45.0": 0.6511997767857015, "46.0": 0.22697873597164867, "47.0": 0.7247083333333372, "48.0": 0.7814617809298676, "49.0": 0.5762784090909084, "50.0": 0.381861620795119, "51.0": 0.8664609053497955, "52.0": 0.686739974126782, "53.0": 0.6883036405886953, "54.0": 0.6341546997388887, "55.0": 0.24889307228915736, "56.0": 0.7230944625407199, "57.0": 0.7807324840764346, "58.0": 0.5858223062381845, "59.0": 0.3648473950233405, "60.0": 0.8809914228052484, "61.0": 0.6829986833443091, "62.0": 0.6827248270561153, "63.0": 0.631570931244545, "64.0": 0.20867761873780155, "65.0": 0.7284639550264587, "66.0": 0.7815966719492884, "67.0": 0.5489281002638531, "68.0": 0.4212509349289014, "69.0": 0.8061259920634931, "70.0": 0.6892671854734144, "71.0": 0.6996048573631495, "72.0": 0.6537617030762254, "73.0": 0.22158558030480718, "74.0": 0.7250000000000034, "75.0": 0.7824585635359131, "76.0": 0.5252672843905908, "77.0": 0.42796076980010456, "78.0": 0.804589552238807, "79.0": 0.6881057629338608, "80.0": 0.7064233436055505, "81.0": 0.667574931880099, "82.0": 0.19036029411764743, "83.0": 0.728545514511877, "84.0": 0.7819422468354446, "85.0": 0.5536716710182775, "86.0": 0.4080265567765118, "87.0": 0.8655643513789594, "88.0": 0.6864785992217932, "89.0": 0.6884151090342722, "90.0": 0.6680491727941062, "91.0": 0.21245659722222274, "92.0": 0.7266107823800165, "93.0": 0.7819772012578631, "94.0": 0.5773614609571782, "95.0": 0.38557542768274905, "96.0": 0.8284487612612623, "97.0": 0.6935339204174852, "98.0": 0.7295593869731823, "99.0": 0.6984852043212725, "100.0": 0.15464004499437567, "101.0": 0.7328728362183792, "102.0": 0.7809392265193386, "103.0": 0.5223584254143694, "104.0": 0.4619387191755204, "105.0": 0.7334231490159335, "106.0": 0.6923089378238371, "107.0": 0.7103958493466596, "108.0": 0.747895622895623, "109.0": 0.15297220792588376, "110.0": 0.7429355053191387, "111.0": 0.778517488076313, "112.0": 0.5646211022480153, "113.0": 0.5063120702826247, "114.0": 0.5496978243352142, "115.0": 0.6993892508143358, "116.0": 0.7599771515613117, "117.0": 0.15327380952380948}