{"0.0": 0.8810615989515083, "1.0": 0.8073646125116721, "2.0": 0.6953673245614093, "3.0": 0.8278761061946897, "4.0": 0.12031315458734997, "5.0": 0.8823096885813162, "6.0": 0.6314199629171832, "7.0": 0.5810586319218329, "8.0": 0.49919003410379253, "9.0": 0.6359540343915353, "10.0": 0.6475433930571141, "11.0": 0.558020186335413, "12.0": 0.4494922288943425, "13.0": 0.8081050228310517, "14.0": 0.6457410907127428, "15.0": 0.602841905318532, "16.0": 0.3948356591994239, "17.0": 0.7905830388692505, "18.0": 0.6794659442724473, "19.0": 0.6225085665334112, "20.0": 0.37718231523379786, "21.0": 0.7375641436818372, "22.0": 0.7201507208387956, "23.0": 0.6484288482834994, "24.0": 0.35640740023248046, "25.0": 0.7293207908163293, "26.0": 0.7178839232153571, "27.0": 0.7108554309026012, "28.0": 0.277357574449733, "29.0": 0.7151018808777457, "30.0": 0.7209837545126357, "31.0": 0.7361938534278962, "32.0": 0.24402469415496145, "33.0": 0.6980401234567932, "34.0": 0.7191547927461152, "35.0": 0.6835478359908821, "36.0": 0.2832090435606064, "37.0": 0.690406976744189, "38.0": 0.6827747776366018, "39.0": 0.6133042472665935, "40.0": 0.3721199059561138, "41.0": 0.676892605633806, "42.0": 0.6497713912475568, "43.0": 0.5450047619047362, "44.0": 0.49764851485148615, "45.0": 0.6604953515398057, "46.0": 0.6102037408149712, "47.0": 0.4962055974165441, "48.0": 0.6263943894389449, "49.0": 0.6511066969353041, "50.0": 0.5648171500630607, "51.0": 0.4587229897272012, "52.0": 0.7751191348973617, "53.0": 0.6388183324130313, "54.0": 0.579862371445864, "55.0": 0.4099325539567901, "56.0": 0.7974609374999934, "57.0": 0.6757293606455632, "58.0": 0.6087987588652507, "59.0": 0.388287912495377, "60.0": 0.7374595730918401, "61.0": 0.7235679463741628, "62.0": 0.6713778789501874, "63.0": 0.3313001202887056, "64.0": 0.7229851453855907, "65.0": 0.7208685162846805, "66.0": 0.7278671414538319, "67.0": 0.2622811816192529, "68.0": 0.7035156250000036, "69.0": 0.7229814137720908, "70.0": 0.7096723414179075, "71.0": 0.2634109778597788, "72.0": 0.6950225903614486, "73.0": 0.6964045483664366, "74.0": 0.624556213017737, "75.0": 0.35102092904543225, "76.0": 0.6798758865248258, "77.0": 0.6595094524120005, "78.0": 0.5664517716535202, "79.0": 0.4498940677966111, "80.0": 0.6664542294322158, "81.0": 0.6259963161420035, "82.0": 0.5110571687839986, "83.0": 0.5834646910466592, "84.0": 0.6526446398184942, "85.0": 0.5728982997481197, "86.0": 0.4613326848248638, "87.0": 0.7603942652329763, "88.0": 0.6381837606837611, "89.0": 0.5465358527131879, "90.0": 0.43335203729277505, "91.0": 0.8456720619282175, "92.0": 0.6456361800346231, "93.0": 0.6278022133938713, "94.0": 0.37247628083492673, "95.0": 0.7352941176470488, "96.0": 0.7193689613526574, "97.0": 0.6885259740259739, "98.0": 0.31614221495710315, "99.0": 0.7164539227895418, "100.0": 0.7229951397326859, "101.0": 0.6953125}