{"0.0": 84.7886631716907, "1.0": 80.85901027077497, "2.0": 83.1140350877193, "3.0": 99.95160398230088, "4.0": 99.97905320485965, "5.0": 84.66154844290658, "6.0": 86.70812731767614, "7.0": 89.564332247557, "8.0": 99.98579007199697, "9.0": 89.14930555555556, "10.0": 86.43267077267637, "11.0": 90.8889751552795, "12.0": 99.98675379724479, "13.0": 85.94939117199391, "14.0": 85.920626349892, "15.0": 93.68424897720631, "16.0": 99.45831803158282, "17.0": 87.99469964664311, "18.0": 83.09210526315789, "19.0": 94.53169617361507, "20.0": 99.1892911010558, "21.0": 88.4100384862091, "22.0": 82.15923984272608, "23.0": 95.62569213732004, "24.0": 98.73595505617978, "25.0": 88.22146045918367, "26.0": 82.25479904019195, "27.0": 97.94428862825089, "28.0": 97.78269313767804, "29.0": 88.02507836990596, "30.0": 82.14124548736461, "31.0": 99.32624113475177, "32.0": 96.39782510194834, "33.0": 87.63117283950618, "34.0": 82.33889248704664, "35.0": 99.96013667425969, "36.0": 95.67945075757575, "37.0": 87.3360166964818, "38.0": 84.18440279542567, "39.0": 99.96320437342304, "40.0": 94.02756008359457, "41.0": 87.00117370892019, "42.0": 85.842586544742, "43.0": 99.96666666666667, "44.0": 91.70064065230052, "45.0": 86.74462521789657, "46.0": 87.81312625250501, "47.0": 99.98654467168998, "48.0": 89.36056105610561, "49.0": 86.39685017026106, "50.0": 90.40431904161413, "51.0": 99.98671625929862, "52.0": 86.62939882697947, "53.0": 86.14370513528438, "54.0": 92.73290986085904, "55.0": 99.81115107913669, "56.0": 87.81419836956522, "57.0": 83.22470515207945, "58.0": 94.17479314420804, "59.0": 99.37893956247683, "60.0": 88.4379042690815, "61.0": 82.17931139549056, "62.0": 96.4916979110873, "63.0": 98.38863271852446, "64.0": 88.05309734513274, "65.0": 82.21501809408926, "66.0": 98.55722003929273, "67.0": 97.07330415754923, "68.0": 87.93845663265306, "69.0": 82.17931139549056, "70.0": 99.76679104477611, "71.0": 96.05339022140221, "72.0": 87.38328313253012, "73.0": 83.5001601537476, "74.0": 99.96301775147928, "75.0": 94.43593670239919, "76.0": 87.08998226950355, "77.0": 85.32431551499349, "78.0": 99.96555118110236, "79.0": 92.6024011299435, "80.0": 86.78664542294322, "81.0": 87.03533154722037, "82.0": 99.96823956442832, "83.0": 90.13240857503152, "84.0": 86.54991491775382, "85.0": 89.95985516372797, "86.0": 99.98673505482844, "87.0": 86.85035842293907, "88.0": 86.29985754985755, "89.0": 91.63032945736434, "90.0": 99.98273480662984, "91.0": 87.04257565095004, "92.0": 84.03058280438546, "93.0": 94.77511350737798, "94.0": 99.10578747628084, "95.0": 88.43137254901961, "96.0": 82.29166666666667, "97.0": 96.90259740259741, "98.0": 98.01798120147119, "99.0": 87.92808219178082, "100.0": 82.22585054678007, "101.0": 84.26339285714286}