{"pure_model_size": 749.711899, "model_size": 3789.079956, "network": "swin_large", "batch_size": 4, "peak": 5581.213379, "total": 5352.421753, "activation": 1569.273926, "workspace": 226.479492, "algorithm": null, "fp16": "O1", "ckpt": false}
{"pure_model_size": 749.711899, "model_size": 3782.071533, "network": "swin_large", "batch_size": 8, "peak": 6577.724121, "total": 6374.684326, "activation": 2593.581543, "workspace": 198.415527, "algorithm": null, "fp16": "O1", "ckpt": false}
{"pure_model_size": 749.711899, "model_size": 3805.547974, "network": "swin_large", "batch_size": 12, "peak": 7693.708496, "total": 7507.715454, "activation": 3706.297852, "workspace": 179.056641, "algorithm": null, "fp16": "O1", "ckpt": false}
{"pure_model_size": 749.711899, "model_size": 3776.14209, "network": "swin_large", "batch_size": 16, "peak": 8721.064941, "total": 8556.202637, "activation": 4778.217773, "workspace": 155.61377, "algorithm": null, "fp16": "O1", "ckpt": false}
{"pure_model_size": 749.711899, "model_size": 3780.88269, "network": "swin_large", "batch_size": 20, "peak": 9802.009766, "total": 9662.55896, "activation": 5877.71582, "workspace": 127.890137, "algorithm": null, "fp16": "O1", "ckpt": false}
{"pure_model_size": 749.711899, "model_size": 3788.844482, "network": "swin_large", "batch_size": 24, "peak": 10922.529297, "total": 10800.62915, "activation": 7011.098145, "workspace": 108.027344, "algorithm": null, "fp16": "O1", "ckpt": false}
{"pure_model_size": 749.711899, "model_size": 3790.019653, "network": "swin_large", "batch_size": 28, "peak": 11949.124023, "total": 11847.256958, "activation": 8067.681152, "workspace": 85.682129, "algorithm": null, "fp16": "O1", "ckpt": false}
{"pure_model_size": 749.711899, "model_size": 3785.369629, "network": "swin_large", "batch_size": 32, "peak": 13046.822266, "total": 12935.932617, "activation": 9148.312012, "workspace": 92.392578, "algorithm": null, "fp16": "O1", "ckpt": false}
{"pure_model_size": 749.711899, "model_size": 3781.185425, "network": "swin_large", "batch_size": 36, "peak": 14151.081543, "total": 14029.348999, "activation": 10251.443359, "workspace": 100.92334, "algorithm": null, "fp16": "O1", "ckpt": false}