{
    "0.0": 83.06919642857143,
    "1.0": 82.78565292096219,
    "2.0": 76.27551020408163,
    "3.0": 79.99646892655367,
    "4.0": 99.95939675174014,
    "5.0": 99.97575169738118,
    "6.0": 82.92972459639127,
    "7.0": 86.82498057498057,
    "8.0": 78.50539291217257,
    "9.0": 99.95533435426238,
    "10.0": 98.49104361370716,
    "11.0": 87.19572368421052,
    "12.0": 80.34298176050753,
    "13.0": 89.30508474576271,
    "14.0": 99.9857846853677,
    "15.0": 87.21085409252669,
    "16.0": 86.07142857142857,
    "17.0": 79.26724137931035,
    "18.0": 99.95849146110056,
    "19.0": 98.17947247706422,
    "20.0": 87.54744651483782,
    "21.0": 80.41338582677166,
    "22.0": 88.22552447552448,
    "23.0": 99.98579545454545,
    "24.0": 88.3578431372549,
    "25.0": 86.15259740259741,
    "26.0": 78.50539291217257,
    "27.0": 99.95845204178538,
    "28.0": 97.74568034557235,
    "29.0": 87.0541557591623,
    "30.0": 80.34298176050753,
    "31.0": 90.49766199064796,
    "32.0": 100.0,
    "33.0": 86.23373605947955,
    "34.0": 85.95779220779221,
    "35.0": 79.65865384615384,
    "36.0": 99.9599358974359,
    "37.0": 97.19606164383562,
    "38.0": 87.07648026315789,
    "39.0": 80.29150197628458,
    "40.0": 91.09560766182298,
    "41.0": 100.0,
    "42.0": 83.51809378185526,
    "43.0": 85.93140442132639,
    "44.0": 80.68181818181819,
    "45.0": 99.9609375,
    "46.0": 96.38216184288245,
    "47.0": 86.90833333333333,
    "48.0": 80.397951142632,
    "49.0": 92.21511994949495,
    "50.0": 100.0,
    "51.0": 83.15329218106996,
    "52.0": 85.96782018111254,
    "53.0": 80.78040278853602,
    "54.0": 99.96192341166231,
    "55.0": 95.91867469879519,
    "56.0": 86.7956026058632,
    "57.0": 80.36922770700637,
    "58.0": 92.89933837429112,
    "59.0": 99.98055987558321,
    "60.0": 82.965438950555,
    "61.0": 85.88298222514813,
    "62.0": 81.16352805534204,
    "63.0": 99.96192341166231,
    "64.0": 96.72251138581653,
    "65.0": 87.09077380952381,
    "66.0": 80.3486529318542,
    "67.0": 91.0207783641161,
    "68.0": 100.0,
    "69.0": 84.39980158730158,
    "70.0": 86.0368028534371,
    "71.0": 80.24286815728604,
    "72.0": 99.96098974587606,
    "73.0": 96.46101992966003,
    "74.0": 86.91176470588235,
    "75.0": 80.36207576953433,
    "76.0": 91.42908054169637,
    "77.0": 100.0,
    "78.0": 84.44029850746269,
    "79.0": 86.09201047806155,
    "80.0": 79.96436825885978,
    "81.0": 99.9602633969119,
    "82.0": 97.11029411764706,
    "83.0": 87.04238126649076,
    "84.0": 80.37974683544304,
    "85.0": 91.11455613577023,
    "86.0": 100.0,
    "87.0": 83.18437180796731,
    "88.0": 85.8746757457847,
    "89.0": 80.81191588785046,
    "90.0": 99.95978860294117,
    "91.0": 96.6796875,
    "92.0": 86.89184746877055,
    "93.0": 80.30660377358491,
    "94.0": 92.28982997481108,
    "95.0": 100.0,
    "96.0": 84.009009009009,
    "97.0": 86.15867579908675,
    "98.0": 78.955938697318,
    "99.0": 99.95890089243777,
    "100.0": 97.86628233970754,
    "101.0": 87.23368841544607,
    "102.0": 80.32261247040253,
    "103.0": 89.5934046961326,
    "104.0": 100.0,
    "105.0": 86.00046860356139,
    "106.0": 85.93345207253886,
    "107.0": 79.8424289008455,
    "108.0": 99.95089786756454,
    "109.0": 99.17009778692743,
    "110.0": 87.4002659574468,
    "111.0": 80.42031001589825,
    "112.0": 87.13741841914431,
    "113.0": 99.98567608861727,
    "114.0": 89.74617244157938,
    "115.0": 86.30700325732899,
    "116.0": 79.3983244478294,
    "117.0": 50.29761904761905
}