{"network": "bert-large-cased", "algorithm": null, "batch_size": 4, "layer_num": 24, "hidden_size": 1024, "tstamp": 1652084010.77, "peak": 6225.195312, "total": 6201.734863, "activation": 1108.727539}
{"network": "bert-large-cased", "algorithm": null, "batch_size": 8, "layer_num": 24, "hidden_size": 1024, "tstamp": 1652084046.47, "peak": 7341.394531, "total": 7310.473145, "activation": 2217.454102}
{"network": "bert-large-cased", "algorithm": null, "batch_size": 12, "layer_num": 24, "hidden_size": 1024, "tstamp": 1652084083.65, "peak": 8489.59375, "total": 8451.711426, "activation": 3351.680664}
{"network": "bert-large-cased", "algorithm": null, "batch_size": 16, "layer_num": 24, "hidden_size": 1024, "tstamp": 1652084123.14, "peak": 9573.792969, "total": 9527.949707, "activation": 4434.907227}
{"network": "bert-large-cased", "algorithm": null, "batch_size": 20, "layer_num": 24, "hidden_size": 1024, "tstamp": 1652084163.4, "peak": 10738.992188, "total": 10685.687988, "activation": 5544.133789}
{"network": "bert-large-cased", "algorithm": null, "batch_size": 24, "layer_num": 24, "hidden_size": 1024, "tstamp": 1652084203.07, "peak": 11832.191406, "total": 11771.42627, "activation": 6652.360352}
{"network": "bert-large-cased", "algorithm": null, "batch_size": 28, "layer_num": 24, "hidden_size": 1024, "tstamp": 1652084243.04, "peak": 12925.890625, "total": 12857.664551, "activation": 7762.586914}
{"network": "bert-large-cased", "algorithm": null, "batch_size": 32, "layer_num": 24, "hidden_size": 1024, "tstamp": 1652084286.01, "peak": 14038.589844, "total": 13962.902832, "activation": 8869.813477}
{"network": "bert-large-cased", "algorithm": "L1", "batch_size": 4, "layer_num": 24, "hidden_size": 1024, "tstamp": 1652119810.05, "peak": 5307.511719, "total": 5273.92041, "activation": 176.915039}
{"network": "bert-large-cased", "algorithm": "L1", "batch_size": 8, "layer_num": 24, "hidden_size": 1024, "tstamp": 1652119846.49, "peak": 5490.865723, "total": 5437.675781, "activation": 343.657715}
{"network": "bert-large-cased", "algorithm": "L1", "batch_size": 12, "layer_num": 24, "hidden_size": 1024, "tstamp": 1652119886.38, "peak": 5622.79541, "total": 5551.006348, "activation": 449.478027}
{"network": "bert-large-cased", "algorithm": "L1", "batch_size": 16, "layer_num": 24, "hidden_size": 1024, "tstamp": 1652119924.14, "peak": 5855.313477, "total": 5762.157227, "activation": 666.114258}
{"network": "bert-large-cased", "algorithm": "L1", "batch_size": 20, "layer_num": 24, "hidden_size": 1024, "tstamp": 1652119963.81, "peak": 5979.510742, "total": 5861.820312, "activation": 747.774902}
{"network": "bert-large-cased", "algorithm": "L1", "batch_size": 24, "layer_num": 24, "hidden_size": 1024, "tstamp": 1652120001.32, "peak": 6148.064941, "total": 6006.854004, "activation": 902.306641}
{"network": "bert-large-cased", "algorithm": "L1", "batch_size": 28, "layer_num": 24, "hidden_size": 1024, "tstamp": 1652120040.91, "peak": 6301.650391, "total": 6136.902832, "activation": 1032.827148}
{"network": "bert-large-cased", "algorithm": "L1", "batch_size": 32, "layer_num": 24, "hidden_size": 1024, "tstamp": 1652120081.66, "peak": 6455.763184, "total": 6267.479004, "activation": 1174.374023}
{"network": "bert-large-cased", "algorithm": "L1", "batch_size": 36, "layer_num": 24, "hidden_size": 1024, "tstamp": 1652120121.24, "peak": 6660.54541, "total": 6448.727539, "activation": 1334.161133}
{"network": "bert-large-cased", "algorithm": "L1", "batch_size": 40, "layer_num": 24, "hidden_size": 1024, "tstamp": 1652120161.93, "peak": 6836.125488, "total": 6600.770996, "activation": 1489.179199}
{"network": "bert-large-cased", "algorithm": "L1", "batch_size": 44, "layer_num": 24, "hidden_size": 1024, "tstamp": 1652120202.26, "peak": 6999.700195, "total": 6740.809082, "activation": 1630.187988}
{"network": "bert-large-cased", "algorithm": "L1", "batch_size": 48, "layer_num": 24, "hidden_size": 1024, "tstamp": 1652120242.86, "peak": 7169.016113, "total": 6886.588379, "activation": 1782.459473}
{"network": "bert-large-cased", "algorithm": "L1", "batch_size": 52, "layer_num": 24, "hidden_size": 1024, "tstamp": 1652120285.21, "peak": 7333.349609, "total": 7027.385254, "activation": 1922.999023}
{"network": "bert-large-cased", "algorithm": "L1", "batch_size": 56, "layer_num": 24, "hidden_size": 1024, "tstamp": 1652120327.97, "peak": 7498.159668, "total": 7168.658691, "activation": 2059.514648}
{"network": "bert-large-cased", "algorithm": "L1", "batch_size": 60, "layer_num": 24, "hidden_size": 1024, "tstamp": 1652120369.35, "peak": 7659.80957, "total": 7306.771973, "activation": 2213.553223}
{"network": "bert-large-cased", "algorithm": "L1", "batch_size": 64, "layer_num": 24, "hidden_size": 1024, "tstamp": 1652120411.37, "peak": 7818.37793, "total": 7441.803711, "activation": 2349.312012}
{"network": "bert-large-cased", "algorithm": "L1", "batch_size": 68, "layer_num": 24, "hidden_size": 1024, "tstamp": 1652120453.46, "peak": 8042.286621, "total": 7642.868652, "activation": 2520.464355}
{"network": "bert-large-cased", "algorithm": "L1", "batch_size": 72, "layer_num": 24, "hidden_size": 1024, "tstamp": 1652120496.92, "peak": 8208.956543, "total": 7785.438965, "activation": 2659.405762}
{"network": "bert-large-cased", "algorithm": "L1", "batch_size": 76, "layer_num": 24, "hidden_size": 1024, "tstamp": 1652120539.58, "peak": 8398.547852, "total": 7952.179199, "activation": 2802.508789}
{"network": "bert-large-cased", "algorithm": "L1", "batch_size": 80, "layer_num": 24, "hidden_size": 1024, "tstamp": 1652120582.46, "peak": 8580.608398, "total": 8109.890625, "activation": 2962.971191}
{"network": "bert-large-cased", "algorithm": "L1", "batch_size": 84, "layer_num": 24, "hidden_size": 1024, "tstamp": 1652120623.99, "peak": 8717.79248, "total": 8223.538086, "activation": 3111.249512}
{"network": "bert-large-cased", "algorithm": "L1", "batch_size": 88, "layer_num": 24, "hidden_size": 1024, "tstamp": 1652120666.93, "peak": 8866.777832, "total": 8349.612793, "activation": 3249.690918}
{"network": "bert-large-cased", "algorithm": "L1", "batch_size": 92, "layer_num": 24, "hidden_size": 1024, "tstamp": 1652120709.66, "peak": 9051.221191, "total": 8509.893555, "activation": 3401.239258}
{"network": "bert-large-cased", "algorithm": "L1", "batch_size": 96, "layer_num": 24, "hidden_size": 1024, "tstamp": 1652120752.0, "peak": 9224.913086, "total": 8660.549805, "activation": 3564.742188}
{"network": "bert-large-cased", "algorithm": "L1", "batch_size": 100, "layer_num": 24, "hidden_size": 1024, "tstamp": 1652120795.51, "peak": 9393.679199, "total": 8805.28125, "activation": 3699.783203}
{"network": "bert-large-cased", "algorithm": "L1", "batch_size": 104, "layer_num": 24, "hidden_size": 1024, "tstamp": 1652120838.94, "peak": 9571.419434, "total": 8959.484863, "activation": 3852.304688}
{"network": "bert-large-cased", "algorithm": "L1", "batch_size": 108, "layer_num": 24, "hidden_size": 1024, "tstamp": 1652120882.49, "peak": 9706.22998, "total": 9070.758789, "activation": 3970.992188}
{"network": "bert-large-cased", "algorithm": "L1", "batch_size": 112, "layer_num": 24, "hidden_size": 1024, "tstamp": 1652120927.12, "peak": 9872.520996, "total": 9213.513184, "activation": 4116.390625}
{"network": "bert-large-cased", "algorithm": "L1", "batch_size": 116, "layer_num": 24, "hidden_size": 1024, "tstamp": 1652120971.89, "peak": 10057.410156, "total": 9374.865723, "activation": 4267.043457}
{"network": "bert-large-cased", "algorithm": "L1", "batch_size": 120, "layer_num": 24, "hidden_size": 1024, "tstamp": 1652121016.99, "peak": 10222.180664, "total": 9516.099609, "activation": 4414.082031}
{"network": "bert-large-cased", "algorithm": "L1", "batch_size": 124, "layer_num": 24, "hidden_size": 1024, "tstamp": 1652121061.9, "peak": 10386.98291, "total": 9657.365234, "activation": 4560.794434}
{"network": "bert-large-cased", "algorithm": "L1", "batch_size": 128, "layer_num": 24, "hidden_size": 1024,