{"network": "bert-large-cased", "algorithm": null, "batch_size": 4, "layer_num": 48, "hidden_size": 1024, "peak": 12412.26123, "total": 12398.783661, "activation": 2692.912109, "model_size": 9705.859344, "workspace_size": 13.47757, "tstamp": 1665349375.64}
{"network": "bert-large-cased", "algorithm": null, "batch_size": 4, "layer_num": 24, "hidden_size": 1024, "peak": 6455.19873, "total": 6441.721161, "activation": 1348.724609, "model_size": 5092.984344, "workspace_size": 13.47757, "tstamp": 1665351161.78}
{"network": "bert-large-cased", "algorithm": null, "batch_size": 12, "layer_num": 24, "hidden_size": 1024, "peak": 8085.533691, "total": 8061.1586, "activation": 2955.162109, "model_size": 5105.960846, "workspace_size": 24.375092, "tstamp": 1665351203.23}
{"network": "bert-large-cased", "algorithm": null, "batch_size": 20, "layer_num": 24, "hidden_size": 1024, "peak": 9627.501953, "total": 9580.096039, "activation": 4438.099609, "model_size": 5141.937347, "workspace_size": 47.405914, "tstamp": 1665351245.24}
{"network": "bert-large-cased", "algorithm": null, "batch_size": 28, "layer_num": 24, "hidden_size": 1024, "peak": 11178.854004, "total": 11118.033478, "activation": 6019.537109, "model_size": 5098.413849, "workspace_size": 60.820526, "tstamp": 1665351286.99}
{"network": "bert-large-cased", "algorithm": null, "batch_size": 36, "layer_num": 24, "hidden_size": 1024, "peak": 12763.26416, "total": 12683.970917, "activation": 7562.474609, "model_size": 5121.39035, "workspace_size": 79.293243, "tstamp": 1665351329.17}
{"network": "bert-large-cased", "algorithm": null, "batch_size": 44, "layer_num": 24, "hidden_size": 1024, "peak": 14365.674316, "total": 14267.408356, "activation": 9174.412109, "model_size": 5092.866852, "workspace_size": 98.265961, "tstamp": 1665351371.17}
{"network": "bert-base-cased", "algorithm": null, "batch_size": 4, "layer_num": 12, "hidden_size": 768, "peak": 2180.327148, "total": 2172.717255, "activation": 506.248047, "model_size": 1666.457001, "workspace_size": 7.609894, "tstamp": 1665351600.46}
{"network": "bert-base-cased", "algorithm": null, "batch_size": 12, "layer_num": 12, "hidden_size": 768, "peak": 2771.542969, "total": 2753.078522, "activation": 1098.359375, "model_size": 1654.683502, "workspace_size": 18.464447, "tstamp": 1665351635.62}
{"network": "bert-base-cased", "algorithm": null, "batch_size": 20, "layer_num": 12, "hidden_size": 768, "peak": 3363.003906, "total": 3326.814789, "activation": 1654.470703, "model_size": 1672.285004, "workspace_size": 36.189117, "tstamp": 1665351671.77}
{"network": "bert-base-cased", "algorithm": null, "batch_size": 28, "layer_num": 12, "hidden_size": 768, "peak": 4049.089844, "total": 3998.551056, "activation": 2305.332031, "model_size": 1693.136505, "workspace_size": 50.538788, "tstamp": 1665351706.54}
{"network": "bert-base-cased", "algorithm": null, "batch_size": 36, "layer_num": 12, "hidden_size": 768, "peak": 4629.004395, "total": 4567.162323, "activation": 2872.693359, "model_size": 1694.363007, "workspace_size": 61.842072, "tstamp": 1665351742.38}
{"network": "bert-base-cased", "algorithm": null, "batch_size": 44, "layer_num": 12, "hidden_size": 768, "peak": 5189.227051, "total": 5115.02359, "activation": 3430.304688, "model_size": 1684.589508, "workspace_size": 74.203461, "tstamp": 1665351777.6}
{"network": "bert-base-cased", "algorithm": null, "batch_size": 52, "layer_num": 12, "hidden_size": 768, "peak": 5822.824707, "total": 5734.509857, "activation": 4061.791016, "model_size": 1672.56601, "workspace_size": 88.31485, "tstamp": 1665351813.52}
{"network": "bert-base-cased", "algorithm": null, "batch_size": 60, "layer_num": 12, "hidden_size": 768, "peak": 6398.672363, "total": 6296.746124, "activation": 4597.777344, "model_size": 1698.792511, "workspace_size": 101.926239, "tstamp": 1665351849.83}
{"network": "bert-base-cased", "algorithm": null, "batch_size": 64, "layer_num": 12, "hidden_size": 768, "peak": 6638.783691, "total": 6532.239258, "activation": 4831.020508, "model_size": 1701.030762, "workspace_size": 106.544434, "tstamp": 1665351885.63}
{"network": "bert-base-cased", "algorithm": null, "batch_size": 72, "layer_num": 12, "hidden_size": 768, "peak": 7264.882324, "total": 7142.85199, "activation": 5457.632324, "model_size": 1685.007751, "workspace_size": 122.030334, "tstamp": 1665351920.94}
{"network": "bert-base-cased", "algorithm": null, "batch_size": 80, "layer_num": 12, "hidden_size": 768, "peak": 7808.22998, "total": 7673.588257, "activation": 5998.368652, "model_size": 1674.984253, "workspace_size": 134.641724, "tstamp": 1665351956.81}
{"network": "bert-base-cased", "algorithm": null, "batch_size": 88, "layer_num": 12, "hidden_size": 768, "peak": 8438.952637, "total": 8288.949524, "activation": 6618.97998, "model_size": 1669.710754, "workspace_size": 150.003113, "tstamp": 1665351991.72}
{"network": "bert-base-cased", "algorithm": null, "batch_size": 96, "layer_num": 12, "hidden_size": 768, "peak": 8957.425293, "total": 8797.560791, "activation": 7141.966309, "model_size": 1655.312256, "workspace_size": 159.864502, "tstamp": 1665352027.12}
{"network": "bert-base-cased", "algorithm": null, "batch_size": 104, "layer_num": 12, "hidden_size": 768, "peak": 9636.272949, "total": 9459.297058, "activation": 7798.702637, "model_size": 1660.288757, "workspace_size": 176.975891, "tstamp": 1665352062.69}
{"network": "bert-base-cased", "algorithm": null, "batch_size": 112, "layer_num": 12, "hidden_size": 768, "peak": 10176.495605, "total": 9988.033325, "activation": 8322.063965, "model_size": 1665.640259, "workspace_size": 188.46228, "tstamp": 1665352097.78}
{"network": "bert-base-cased", "algorithm": null, "batch_size": 120, "layer_num": 12, "hidden_size": 768, "peak": 10805.620605, "total": 10601.671936, "activation": 8927.800293, "model_size": 1673.519104, "workspace_size": 203.948669, "tstamp": 1665352132.65}
{"network": "bert-base-cased", "algorithm": null, "batch_size": 128, "layer_num": 12, "hidden_size": 768, "peak": 11351.241699, "total": 11137.306641, "activation": 9468.337402, "model_size": 1668.593262, "workspace_size": 213.935059, "tstamp": 1665352168.77}
{"network": "bert-base-cased", "algorithm": null, "batch_size": 136, "layer_num": 12, "hidden_size": 768, "peak": 11997.066895, "total": 11765.396912, "activation": 10102.801758, "model_size": 1662.195251, "workspace_size": 231.669983, "tstamp": 1665352205.02}
{"network": "bert-base-cased", "algorithm": null, "batch_size": 144, "layer_num": 12, "hidden_size": 768, "peak": 12573.664551, "total": 12330.883179, "activation": 10643.885742, "model_size": 1686.574097, "workspace_size": 242.781372, "tstamp": 1665352240.53}
{"network": "bert-base-cased", "algorithm": null, "batch_size": 152, "layer_num": 12, "hidden_size": 768, "peak": 13187.609863, "total": 12929.717102, "activation": 11256.49707, "model_size": 1672.773254, "workspace_size": 257.892761, "tstamp": 1665352275.81}
{"network": "bert-base-cased", "algorithm": null, "batch_size": 160, "layer_num": 12, "hidden_size": 768, "peak": 13727.984863, "total": 13459.605713, "activation": 11786.385742, "model_size": 1672.749756, "workspace_size": 268.37915, "tstamp": 1665352311.32}
{"network": "bert-base-cased", "algorithm": null, "batch_size": 168, "layer_num": 12, "hidden_size": 768, "peak": 14381.83252, "total": 14095.59198, "activation": 12419.020508, "model_size": 1676.07782, "workspace_size": 286.24054, "tstamp": 1665352347.33}
{"network": "roberta-base", "algorithm": null, "batch_size": 4, "layer_num": 12, "hidden_size": 768, "peak": 2430.144531, "total": 2423.416473, "activation": 503.754883, "model_size": 1919.65329, "workspace_size": 6.728058, "tstamp": 1665352455.81}
{"network": "roberta-base", "algorithm": null, "batch_size": 12, "layer_num": 12, "hidden_size": 768, "peak": 3022.985352, "total": 3004.541412, "activation": 1097.629883, "model_size": 1906.887604, "workspace_size": 18.443939, "tstamp": 1665352484.81}
{"network": "roberta-base",