{"network": "bert-large-cased", "algorithm": null, "batch_size": 8, "layer_num": 24, "hidden_size": 1024, "peak": 7228.828613, "total": 7212.463379, "activation": 2119.443359, "model_size": 5092.972595, "workspace_size": 16.365234, "tstamp": 1665296098.72}
{"network": "bert-large-cased", "algorithm": null, "batch_size": 16, "layer_num": 24, "hidden_size": 1024, "peak": 8789.802734, "total": 8753.924316, "activation": 3660.880859, "model_size": 5092.949097, "workspace_size": 35.878418, "tstamp": 1665296135.89}
{"network": "bert-large-cased", "algorithm": null, "batch_size": 24, "layer_num": 24, "hidden_size": 1024, "peak": 10362.648926, "total": 10310.385254, "activation": 5216.318359, "model_size": 5093.925598, "workspace_size": 52.263672, "tstamp": 1665296177.24}
{"network": "bert-large-cased", "algorithm": null, "batch_size": 32, "layer_num": 24, "hidden_size": 1024, "peak": 11907.059082, "total": 11836.846191, "activation": 6743.755859, "model_size": 5092.9021, "workspace_size": 70.212891, "tstamp": 1665296219.15}
{"network": "bert-large-cased", "algorithm": "ckpt", "batch_size": 8, "layer_num": 24, "hidden_size": 1024, "peak": 5792.461426, "total": 5196.092285, "activation": 103.072266, "model_size": 5092.972595, "workspace_size": 596.369141, "tstamp": 1665296260.5}
{"network": "bert-large-cased", "algorithm": "ckpt", "batch_size": 16, "layer_num": 24, "hidden_size": 1024, "peak": 5917.477051, "total": 5297.182129, "activation": 204.138672, "model_size": 5092.949097, "workspace_size": 620.294922, "tstamp": 1665296302.21}
{"network": "bert-large-cased", "algorithm": "ckpt", "batch_size": 24, "layer_num": 24, "hidden_size": 1024, "peak": 6051.512207, "total": 5399.271973, "activation": 305.205078, "model_size": 5093.925598, "workspace_size": 652.240234, "tstamp": 1665296343.64}
{"network": "bert-large-cased", "algorithm": "ckpt", "batch_size": 32, "layer_num": 24, "hidden_size": 1024, "peak": 6183.547363, "total": 5499.361816, "activation": 406.271484, "model_size": 5092.9021, "workspace_size": 684.185547, "tstamp": 1665296385.87}
{"network": "bert-large-cased", "algorithm": "L1", "batch_size": 8, "layer_num": 24, "hidden_size": 1024, "peak": 6232.410645, "total": 5626.522949, "activation": 532.501465, "model_size": 5093.97406, "workspace_size": 605.887695, "tstamp": 1665296428.31}
{"network": "bert-large-cased", "algorithm": "L1", "batch_size": 16, "layer_num": 24, "hidden_size": 1024, "peak": 6697.600586, "total": 6061.721191, "activation": 968.669922, "model_size": 5092.956909, "workspace_size": 635.879395, "tstamp": 1665296470.09}
{"network": "bert-large-cased", "algorithm": "L1", "batch_size": 24, "layer_num": 24, "hidden_size": 1024, "peak": 6953.475586, "total": 6260.12793, "activation": 1164.562012, "model_size": 5095.424622, "workspace_size": 693.347656, "tstamp": 1665296512.39}
{"network": "bert-large-cased", "algorithm": "L1", "batch_size": 32, "layer_num": 24, "hidden_size": 1024, "peak": 7187.453613, "total": 6491.592285, "activation": 1398.487305, "model_size": 5092.916748, "workspace_size": 695.861328, "tstamp": 1665296553.57}
{"network": "bert-large-cased", "algorithm": null, "batch_size": 40, "layer_num": 24, "hidden_size": 1024, "peak": 13466.469238, "total": 13378.307129, "activation": 8285.193359, "model_size": 5092.878601, "workspace_size": 88.162109, "tstamp": 1665297501.32}
