{"network": "resnet50", "batch_size": 4, "ips": 69.799063, "batch_time": 601811456.0, "peak_mem": 601811456.0, "mem_budget": 7000000000.0}
{"network": "resnet50", "batch_size": 12, "ips": 120.736312, "batch_time": 1268266496.0, "peak_mem": 1268266496.0, "mem_budget": 7000000000.0}
{"network": "resnet50", "batch_size": 20, "ips": 136.65689, "batch_time": 1966729728.0, "peak_mem": 1966729728.0, "mem_budget": 7000000000.0}
{"network": "resnet50", "batch_size": 28, "ips": 141.404897, "batch_time": 2646787584.0, "peak_mem": 2646787584.0, "mem_budget": 7000000000.0}
{"network": "resnet50", "batch_size": 36, "ips": 141.777493, "batch_time": 3329295360.0, "peak_mem": 3329295360.0, "mem_budget": 7000000000.0}
{"network": "resnet50", "batch_size": 44, "ips": 142.037377, "batch_time": 4023623680.0, "peak_mem": 4023623680.0, "mem_budget": 7000000000.0}
{"network": "resnet50", "batch_size": 52, "ips": 142.233581, "batch_time": 4722040320.0, "peak_mem": 4722040320.0, "mem_budget": 7000000000.0}
{"network": "resnet50", "batch_size": 60, "ips": 142.255626, "batch_time": 5411633664.0, "peak_mem": 5411633664.0, "mem_budget": 7000000000.0}
{"network": "resnet50", "batch_size": 64, "ips": 142.295078, "batch_time": 5763495936.0, "peak_mem": 5763495936.0, "mem_budget": 7000000000.0}
{"network": "resnet50", "batch_size": 96, "ips": 138.008052, "batch_time": 7076690944.0, "peak_mem": 7076690944.0, "mem_budget": 7000000000.0}
{"network": "resnet50", "batch_size": 128, "ips": 126.970212, "batch_time": 7372643328.0, "peak_mem": 7372643328.0, "mem_budget": 7000000000.0}
{"network": "resnet50", "batch_size": 160, "ips": 115.140092, "batch_time": 7492694272.0, "peak_mem": 7492694272.0, "mem_budget": 7000000000.0}
{"network": "resnet50", "batch_size": 192, "ips": 109.7589, "batch_time": 7611772928.0, "peak_mem": 7611772928.0, "mem_budget": 7000000000.0}
{"network": "resnet50", "batch_size": 200, "ips": 86.977111, "batch_time": 7634919168.0, "peak_mem": 7634919168.0, "mem_budget": 7000000000.0}
{"network": "resnet50", "batch_size": 4, "ips": 71.12717, "batch_time": 601811456.0, "peak_mem": 601811456.0, "mem_budget": 8000000000.0}
{"network": "resnet50", "batch_size": 12, "ips": 122.290942, "batch_time": 1268266496.0, "peak_mem": 1268266496.0, "mem_budget": 8000000000.0}
{"network": "resnet50", "batch_size": 20, "ips": 137.484925, "batch_time": 1966729728.0, "peak_mem": 1966729728.0, "mem_budget": 8000000000.0}
{"network": "resnet50", "batch_size": 28, "ips": 140.909733, "batch_time": 2646787584.0, "peak_mem": 2646787584.0, "mem_budget": 8000000000.0}
{"network": "resnet50", "batch_size": 36, "ips": 141.353836, "batch_time": 3329295360.0, "peak_mem": 3329295360.0, "mem_budget": 8000000000.0}
{"network": "resnet50", "batch_size": 44, "ips": 141.548398, "batch_time": 4023623680.0, "peak_mem": 4023623680.0, "mem_budget": 8000000000.0}
{"network": "resnet50", "batch_size": 52, "ips": 141.640064, "batch_time": 4722040320.0, "peak_mem": 4722040320.0, "mem_budget": 8000000000.0}
{"network": "resnet50", "batch_size": 60, "ips": 141.791872, "batch_time": 5411633664.0, "peak_mem": 5411633664.0, "mem_budget": 8000000000.0}
{"network": "resnet50", "batch_size": 64, "ips": 141.722652, "batch_time": 5763495936.0, "peak_mem": 5763495936.0, "mem_budget": 8000000000.0}
{"network": "resnet50", "batch_size": 96, "ips": 140.25503, "batch_time": 8020366336.0, "peak_mem": 8020366336.0, "mem_budget": 8000000000.0}
{"network": "resnet50", "batch_size": 128, "ips": 132.976549, "batch_time": 8339284992.0, "peak_mem": 8339284992.0, "mem_budget": 8000000000.0}
{"network": "resnet50", "batch_size": 160, "ips": 121.686892, "batch_time": 8488881920.0, "peak_mem": 8488881920.0, "mem_budget": 8000000000.0}
{"network": "resnet50", "batch_size": 192, "ips": 115.297182, "batch_time": 8591125504.0, "peak_mem": 8591125504.0, "mem_budget": 8000000000.0}
{"network": "resnet50", "batch_size": 200, "ips": 114.624062, "batch_time": 8625582592.0, "peak_mem": 8625582592.0, "mem_budget": 8000000000.0}
{"network": "resnet50", "batch_size": 4, "ips": 70.345901, "batch_time": 601811456.0, "peak_mem": 601811456.0, "mem_budget": 9000000000.0}
{"network": "resnet50", "batch_size": 12, "ips": 122.389962, "batch_time": 1268266496.0, "peak_mem": 1268266496.0, "mem_budget": 9000000000.0}
{"network": "resnet50", "batch_size": 20, "ips": 138.375666, "batch_time": 1966729728.0, "peak_mem": 1966729728.0, "mem_budget": 9000000000.0}
{"network": "resnet50", "batch_size": 28, "ips": 140.884901, "batch_time": 2646787584.0, "peak_mem": 2646787584.0, "mem_budget": 9000000000.0}
{"network": "resnet50", "batch_size": 36, "ips": 141.241722, "batch_time": 3329295360.0, "peak_mem": 3329295360.0, "mem_budget": 9000000000.0}
{"network": "resnet50", "batch_size": 44, "ips": 141.423324, "batch_time": 4023623680.0, "peak_mem": 4023623680.0, "mem_budget": 9000000000.0}
{"network": "resnet50", "batch_size": 52, "ips": 141.535934, "batch_time": 4722040320.0, "peak_mem": 4722040320.0, "mem_budget": 9000000000.0}
{"network": "resnet50", "batch_size": 60, "ips": 141.579563, "batch_time": 5411633664.0, "peak_mem": 5411633664.0, "mem_budget": 9000000000.0}
{"network": "resnet50", "batch_size": 64, "ips": 141.745853, "batch_time": 5763495936.0, "peak_mem": 5763495936.0, "mem_budget": 9000000000.0}
{"network": "resnet50", "batch_size": 96, "ips": 141.855912, "batch_time": 8554999296.0, "peak_mem": 8554999296.0, "mem_budget": 9000000000.0}
{"network": "resnet50", "batch_size": 128, "ips": 137.308342, "batch_time": 9062368256.0, "peak_mem": 9062368256.0, "mem_budget": 9000000000.0}
{"network": "resnet50", "batch_size": 160, "ips": 127.575212, "batch_time": 9472018944.0, "peak_mem": 9472018944.0, "mem_budget": 9000000000.0}
{"network": "resnet50", "batch_size": 192, "ips": 117.51819, "batch_time": 9587307264.0, "peak_mem": 9587307264.0, "mem_budget": 9000000000.0}
{"network": "resnet50", "batch_size": 200, "ips": 117.662554, "batch_time": 9598779904.0, "peak_mem": 9598779904.0, "mem_budget": 9000000000.0}
{"network": "resnet50", "batch_size": 4, "ips": 70.937655, "batch_time": 601811456.0, "peak_mem": 601811456.0, "mem_budget": 10000000000.0}
{"network": "resnet50", "batch_size": 12, "ips": 121.925409, "batch_time": 1268266496.0, "peak_mem": 1268266496.0, "mem_budget": 10000000000.0}
{"network": "resnet50", "batch_size": 20, "ips": 137.968041, "batch_time": 1966729728.0, "peak_mem": 1966729728.0, "mem_budget": 10000000000.0}
{"network": "resnet50", "batch_size": 28, "ips": 141.10647, "batch_time": 2646787584.0, "peak_mem": 2646787584.0, "mem_budget": 10000000000.0}
{"network": "resnet50", "batch_size": 36, "ips": 141.380414, "batch_time": 3329295360.0, "peak_mem": 3329295360.0, "mem_budget": 10000000000.0}
{"network": "resnet50", "batch_size": 44, "ips": 141.595751, "batch_time": 4023623680.0, "peak_mem": 4023623680.0, "mem_budget": 10000000000.0}
{"network": "resnet50", "batch_size": 52, "ips": 141.673972, "batch_time": 4722040320.0, "peak_mem": 4722040320.0, "mem_budget": 10000000000.0}
{"network": "resnet50", "batch_size": 60, "ips": 141.785459, "batch_time": 5411633664.0, "peak_mem": 5411633664.0, "mem_budget": 10000000000.0}
{"network": "resnet50", "batch_size": 64, "ips": 141.869758, "batch_time": 5763495936.0, "peak_mem": 5763495936.0, "mem_budget": 10000000000.0}
{"network": "resnet50", "batch_size": 96, "ips": 141.987456, "batch_time": 8554999296.0, "peak_mem": 8554999296.0, "mem_budget": 10000000000.0}
{"network": "resnet50", "batch_size": 128, "ips": 139.564866, "batch_time": 10097837056.0, "peak_mem": 10097837056.0, "mem_budget": 10000000000.0}
{"network": "resnet50", "batch_size": 160, "ips": 134.40944, "batch_time": 10362895872.0, "peak_mem": 10362895872.0, "mem_budget": 10000000000.0}
{"network": "resnet50", "batch_size": 192, "ips": 122.356631, "batch_time": 10575478272.0, "peak_mem": 10575478272.0, "mem_budget": 10000000000.0}
{"network": "resnet50", "batch_size": 200, "ips": 122.155027, "batch_time": 10546597888.0, "peak_mem": 10546597888.0,