{"network": "bert-large-cased", "algorithm": null, "batch_size": 8, "layer_num": 36, "hidden_size": 1024, "tstamp": 1652328430.84, "peak": 10591.664551, "total": 10575.088379, "activation": 3175.630859}
{"network": "bert-large-cased", "algorithm": null, "batch_size": 12, "layer_num": 36, "hidden_size": 1024, "tstamp": 1652328478.01, "peak": 11868.463379, "total": 11843.912598, "activation": 4424.443359}
{"network": "bert-large-cased", "algorithm": null, "batch_size": 16, "layer_num": 36, "hidden_size": 1024, "tstamp": 1652328524.68, "peak": 12920.615234, "total": 12884.736816, "activation": 5485.255859}
{"network": "bert-large-cased", "algorithm": null, "batch_size": 20, "layer_num": 36, "hidden_size": 1024, "tstamp": 1652328570.76, "peak": 14170.908203, "total": 14123.561035, "activation": 6651.068359}
{"network": "bert-large-cased", "algorithm": "ckpt", "batch_size": 8, "layer_num": 36, "hidden_size": 1024, "tstamp": 1652328710.71, "peak": 8435.109863, "total": 7550.529785, "activation": 151.072266}
{"network": "bert-large-cased", "algorithm": "ckpt", "batch_size": 12, "layer_num": 36, "hidden_size": 1024, "tstamp": 1652328758.15, "peak": 8563.131348, "total": 7638.574707, "activation": 226.105469}
{"network": "bert-large-cased", "algorithm": "ckpt", "batch_size": 16, "layer_num": 36, "hidden_size": 1024, "tstamp": 1652328804.01, "peak": 8608.125488, "total": 7699.619629, "activation": 300.138672}
{"network": "bert-large-cased", "algorithm": "ckpt", "batch_size": 20, "layer_num": 36, "hidden_size": 1024, "tstamp": 1652328851.04, "peak": 8827.643066, "total": 7870.164551, "activation": 375.171875}
{"network": "bert-large-cased", "algorithm": "ckpt", "batch_size": 24, "layer_num": 36, "hidden_size": 1024, "tstamp": 1652328897.13, "peak": 8790.160645, "total": 7849.709473, "activation": 449.205078}
{"network": "bert-large-cased", "algorithm": "ckpt", "batch_size": 28, "layer_num": 36, "hidden_size": 1024, "tstamp": 1652328944.01, "peak": 8974.178223, "total": 7967.754395, "activation": 523.738281}
{"network": "bert-large-cased", "algorithm": "ckpt", "batch_size": 32, "layer_num": 36, "hidden_size": 1024, "tstamp": 1652328990.83, "peak": 8970.195801, "total": 7997.799316, "activation": 598.271484}
{"network": "bert-large-cased", "algorithm": "ckpt", "batch_size": 36, "layer_num": 36, "hidden_size": 1024, "tstamp": 1652329038.46, "peak": 9136.713379, "total": 8127.344238, "activation": 672.804688}
{"network": "bert-large-cased", "algorithm": "ckpt", "batch_size": 40, "layer_num": 36, "hidden_size": 1024, "tstamp": 1652329085.97, "peak": 9152.230957, "total": 8146.88916, "activation": 747.337891}
{"network": "bert-large-cased", "algorithm": "ckpt", "batch_size": 44, "layer_num": 36, "hidden_size": 1024, "tstamp": 1652329132.2, "peak": 9303.748535, "total": 8228.934082, "activation": 822.871094}
{"network": "bert-large-cased", "algorithm": "ckpt", "batch_size": 48, "layer_num": 36, "hidden_size": 1024, "tstamp": 1652329179.54, "peak": 9332.266113, "total": 8295.979004, "activation": 896.404297}
{"network": "bert-large-cased", "algorithm": "ckpt", "batch_size": 52, "layer_num": 36, "hidden_size": 1024, "tstamp": 1652329226.4, "peak": 9464.783691, "total": 8372.523926, "activation": 970.9375}
{"network": "bert-large-cased", "algorithm": "ckpt", "batch_size": 56, "layer_num": 36, "hidden_size": 1024, "tstamp": 1652329273.53, "peak": 9514.30127, "total": 8446.068848, "activation": 1046.470703}
{"network": "bert-large-cased", "algorithm": "ckpt", "batch_size": 60, "layer_num": 36, "hidden_size": 1024, "tstamp": 1652329320.65, "peak": 9608.318848, "total": 8520.11377, "activation": 1120.503906}
{"network": "bert-large-cased", "algorithm": "ckpt", "batch_size": 64, "layer_num": 36, "hidden_size": 1024, "tstamp": 1652329368.18, "peak": 9694.336426, "total": 8594.158691, "activation": 1194.537109}
{"network": "bert-large-cased", "algorithm": "ckpt", "batch_size": 68, "layer_num": 36, "hidden_size": 1024, "tstamp": 1652329416.24, "peak": 9908.35498, "total": 8761.205078, "activation": 1269.070801}
{"network": "bert-large-cased", "algorithm": "ckpt", "batch_size": 72, "layer_num": 36, "hidden_size": 1024, "tstamp": 1652329464.6, "peak": 9880.372559, "total": 8745.25, "activation": 1343.604004}
{"network": "bert-large-cased", "algorithm": "ckpt", "batch_size": 76, "layer_num": 36, "hidden_size": 1024, "tstamp": 1652329511.85, "peak": 10019.390137, "total": 8821.294922, "activation": 1418.137207}
{"network": "bert-large-cased", "algorithm": "ckpt", "batch_size": 80, "layer_num": 36, "hidden_size": 1024, "tstamp": 1652329559.19, "peak": 10056.407715, "total": 8892.339844, "activation": 1492.67041}
{"network": "bert-large-cased", "algorithm": "ckpt", "batch_size": 84, "layer_num": 36, "hidden_size": 1024, "tstamp": 1652329607.4, "peak": 10247.925293, "total": 9032.884766, "activation": 1568.203613}
{"network": "bert-large-cased", "algorithm": "ckpt", "batch_size": 88, "layer_num": 36, "hidden_size": 1024, "tstamp": 1652329654.77, "peak": 10242.442871, "total": 9043.429688, "activation": 1641.736816}
{"network": "bert-large-cased", "algorithm": "ckpt", "batch_size": 92, "layer_num": 36, "hidden_size": 1024, "tstamp": 1652329702.33, "peak": 10364.460449, "total": 9117.974609, "activation": 1716.27002}
{"network": "bert-large-cased", "algorithm": "ckpt", "batch_size": 96, "layer_num": 36, "hidden_size": 1024, "tstamp": 1652329749.95, "peak": 10418.478027, "total": 9190.519531, "activation": 1790.803223}
{"network": "bert-large-cased", "algorithm": "ckpt", "batch_size": 100, "layer_num": 36, "hidden_size": 1024, "tstamp": 1652329798.02, "peak": 10608.995605, "total": 9330.064453, "activation": 1865.336426}
{"network": "bert-large-cased", "algorithm": "ckpt", "batch_size": 104, "layer_num": 36, "hidden_size": 1024, "tstamp": 1652329845.35, "peak": 10602.513184, "total": 9340.609375, "activation": 1939.869629}
{"network": "bert-large-cased", "algorithm": "ckpt", "batch_size": 108, "layer_num": 36, "hidden_size": 1024, "tstamp": 1652329893.18, "peak": 10752.030762, "total": 9418.654297, "activation": 2015.402832}
{"network": "bert-large-cased", "algorithm": "ckpt", "batch_size": 112, "layer_num": 36, "hidden_size": 1024, "tstamp": 1652329942.17, "peak": 10780.54834, "total": 9488.699219, "activation": 2088.936035}
{"network": "bert-large-cased", "algorithm": "ckpt", "batch_size": 116, "layer_num": 36, "hidden_size": 1024, "tstamp": 1652329990.71, "peak": 10961.065918, "total": 9620.041016, "activation": 2163.469238}
{"network": "bert-large-cased", "algorithm": "ckpt", "batch_size": 120, "layer_num": 36, "hidden_size": 1024, "tstamp": 1652330038.85, "peak": 10970.583496, "total": 9641.585938, "activation": 2239.002441}
{"network": "bert-large-cased", "algorithm": "ckpt", "batch_size": 124, "layer_num": 36, "hidden_size": 1024, "tstamp": 1652330086.7, "peak": 11104.101074, "total": 9712.630859, "activation": 2313.035645}
{"network": "bert-large-cased", "algorithm": "ckpt", "batch_size": 128, "layer_num": 36, "hidden_size": 1024, "tstamp": 1652330135.99, "peak": 11142.618652, "total": 9784.675781, "activation": 2387.068848}
{"network": "bert-large-cased", "algorithm": "ckpt", "batch_size": 132, "layer_num": 36, "hidden_size": 1024, "tstamp": 1652330183.99, "peak": 11307.637207, "total": 9905.723145, "activation": 2461.603516}
{"network": "bert-large-cased", "algorithm": "ckpt", "batch_size": 136, "layer_num": 36, "hidden_size": 1024, "tstamp": 1652330231.84, "peak": 11324.654785, "total": 9934.768066, "activation": 2537.136719}
{"network": "bert-large-cased", "algorithm": "ckpt", "batch_size": 140, "layer_num": 36, "hidden_size": 1024, "tstamp": 1652330280.59, "peak": 11466.172363, "total": 10012.312988, "activation": 2611.169922}
{"network": "bert-large-cased", "algorithm": "ckpt", "batch_size": 144, "layer_num": 36, "hidden_size": 1024, "tstamp": 1652330330.04, "peak": 11504.689941, "total": 10082.85791, "activation": 2685.203125}
{"network": "bert-large-cased",