{"network": "transformer_lm_gpt3_small", "alg": null, "batch_size": 1, "batch_time": 0.01203, "ips": 83.126172, "peak_mem": 13660897280, "tstamp": 1655084261.67}
{"network": "transformer_lm_gpt3_small", "alg": null, "batch_size": 2, "batch_time": 0.020451, "ips": 97.795117, "peak_mem": 16353452032, "tstamp": 1655084351.33}
{"network": "transformer_lm_gpt3_small", "alg": null, "batch_size": 3, "batch_time": 0.029286, "ips": 102.437109, "peak_mem": 18981640192, "tstamp": 1655084468.73}
{"network": "transformer_lm_gpt3_small", "alg": null, "batch_size": 4, "batch_time": 0.039103, "ips": 102.292969, "peak_mem": 21610756096, "tstamp": 1655084619.91}
{"network": "transformer_lm_gpt3_small", "alg": null, "batch_size": 5, "batch_time": 0.048251, "ips": 103.624609, "peak_mem": 24264081408, "tstamp": 1655084799.59}
{"network": "transformer_lm_gpt3_small", "alg": null, "batch_size": 6, "batch_time": 0.059011, "ips": 101.675586, "peak_mem": 26908860416, "tstamp": 1655085011.04}
{"network": "transformer_lm_gpt3_small", "alg": null, "batch_size": 7, "batch_time": 0.067809, "ips": 103.230664, "peak_mem": 29617389568, "tstamp": 1655085255.24}
{"network": "transformer_lm_gpt3_small", "alg": null, "batch_size": 8, "batch_time": 0.077683, "ips": 102.982031, "peak_mem": 32213907456, "tstamp": 1655085532.09}
{"network": "transformer_lm_gpt3_small", "alg": null, "batch_size": 9, "batch_time": 0.085526, "ips": 105.231445, "peak_mem": 34907281408, "tstamp": 1655085834.62}
{"network": "transformer_lm_gpt3_small", "alg": null, "batch_size": 10, "batch_time": 0.094069, "ips": 106.305078, "peak_mem": 37452724224, "tstamp": 1655086165.17}
{"network": "transformer_lm_gpt3_small", "alg": null, "batch_size": 11, "batch_time": 0.10437, "ips": 105.394727, "peak_mem": 40108965888, "tstamp": 1655086527.9}
{"network": "transformer_lm_gpt3_small", "alg": null, "batch_size": 12, "batch_time": 0.112515, "ips": 106.652344, "peak_mem": 42776983552, "tstamp": 1655086917.61}
{"network": "transformer_lm_gpt3_small", "alg": null, "batch_size": 13, "batch_time": 0.124155, "ips": 104.708008, "peak_mem": 45432913920, "tstamp": 1655087341.68}
{"network": "transformer_lm_gpt3_small", "alg": null, "batch_size": 14, "batch_time": 0.130142, "ips": 107.574609, "peak_mem": 48057163776, "tstamp": 1655087797.32}
{"network": "transformer_lm_gpt3_small", "alg": null, "batch_size": 15, "batch_time": 0.140225, "ips": 106.970898, "peak_mem": 50725699584, "tstamp": 1655088290.94}
{"network": "transformer_lm_gpt3_small", "alg": null, "batch_size": 16, "batch_time": 0.147337, "ips": 108.594336, "peak_mem": 53279488000, "tstamp": 1655088810.24}
{"network": "transformer_lm_gpt3_small", "alg": "ckpt", "batch_size": 1, "batch_time": 0.01495, "ips": 66.8875, "peak_mem": 12996478976, "tstamp": 1655096204.75}
{"network": "transformer_lm_gpt3_small", "alg": "ckpt", "batch_size": 2, "batch_time": 0.026412, "ips": 75.724219, "peak_mem": 13622009856, "tstamp": 1655096269.52}
{"network": "transformer_lm_gpt3_small", "alg": "ckpt", "batch_size": 3, "batch_time": 0.037869, "ips": 79.220898, "peak_mem": 14833780736, "tstamp": 1655096351.49}
{"network": "transformer_lm_gpt3_small", "alg": "ckpt", "batch_size": 4, "batch_time": 0.050917, "ips": 78.559766, "peak_mem": 16172392448, "tstamp": 1655096455.8}
{"network": "transformer_lm_gpt3_small", "alg": "ckpt", "batch_size": 5, "batch_time": 0.062795, "ips": 79.623828, "peak_mem": 17432903680, "tstamp": 1655096577.63}
{"network": "transformer_lm_gpt3_small", "alg": "ckpt", "batch_size": 6, "batch_time": 0.078599, "ips": 76.337109, "peak_mem": 18689062912, "tstamp": 1655096718.15}
{"network": "transformer_lm_gpt3_small", "alg": "ckpt", "batch_size": 7, "batch_time": 0.088342, "ips": 79.237695, "peak_mem": 20033060864, "tstamp": 1655096881.53}
{"network": "transformer_lm_gpt3_small", "alg": "ckpt", "batch_size": 8, "batch_time": 0.099829, "ips": 80.137305, "peak_mem": 21274730496, "tstamp": 1655097063.82}
{"network": "transformer_lm_gpt3_small", "alg": "ckpt", "batch_size": 9, "batch_time": 0.108592, "ips": 82.878906, "peak_mem": 22530031616, "tstamp": 1655097259.16}
{"network": "transformer_lm_gpt3_small", "alg": "ckpt", "batch_size": 10, "batch_time": 0.121568, "ips": 82.258594, "peak_mem": 23852638208, "tstamp": 1655097476.16}
{"network": "transformer_lm_gpt3_small", "alg": "ckpt", "batch_size": 11, "batch_time": 0.135435, "ips": 81.219727, "peak_mem": 25107955712, "tstamp": 1655097717.11}
{"network": "transformer_lm_gpt3_small", "alg": "ckpt", "batch_size": 12, "batch_time": 0.146939, "ips": 81.666797, "peak_mem": 26372087808, "tstamp": 1655097975.41}
{"network": "transformer_lm_gpt3_small", "alg": "ckpt", "batch_size": 13, "batch_time": 0.168856, "ips": 76.988477, "peak_mem": 27680047104, "tstamp": 1655098252.97}
{"network": "transformer_lm_gpt3_small", "alg": "ckpt", "batch_size": 14, "batch_time": 0.168958, "ips": 82.860938, "peak_mem": 28945670144, "tstamp": 1655098547.78}
{"network": "transformer_lm_gpt3_small", "alg": "ckpt", "batch_size": 15, "batch_time": 0.181054, "ips": 82.848047, "peak_mem": 30210152448, "tstamp": 1655098861.45}
{"network": "transformer_lm_gpt3_small", "alg": "ckpt", "batch_size": 16, "batch_time": 0.192988, "ips": 82.906836, "peak_mem": 31518220288, "tstamp": 1655099195.73}
{"network": "transformer_lm_gpt3_small", "alg": "ckpt", "batch_size": 17, "batch_time": 0.209701, "ips": 81.067969, "peak_mem": 32778190848, "tstamp": 1655099556.33}
{"network": "transformer_lm_gpt3_small", "alg": "ckpt", "batch_size": 18, "batch_time": 0.220762, "ips": 81.535938, "peak_mem": 34058412032, "tstamp": 1655099933.47}
{"network": "transformer_lm_gpt3_small", "alg": "ckpt", "batch_size": 19, "batch_time": 0.232506, "ips": 81.718359, "peak_mem": 35366191104, "tstamp": 1655100330.1}
{"network": "transformer_lm_gpt3_small", "alg": "ckpt", "batch_size": 20, "batch_time": 0.243714, "ips": 82.063477, "peak_mem": 36652785664, "tstamp": 1655100747.83}
{"network": "transformer_lm_gpt3_small", "alg": "ckpt", "batch_size": 21, "batch_time": 0.261365, "ips": 80.347266, "peak_mem": 37904777216, "tstamp": 1655101196.34}
{"network": "transformer_lm_gpt3_small", "alg": "ckpt", "batch_size": 22, "batch_time": 0.270306, "ips": 81.389258, "peak_mem": 39205658624, "tstamp": 1655101656.91}
{"network": "transformer_lm_gpt3_small", "alg": "ckpt", "batch_size": 23, "batch_time": 0.284648, "ips": 80.801563, "peak_mem": 40479539200, "tstamp": 1655102142.29}
{"network": "transformer_lm_gpt3_small", "alg": "ckpt", "batch_size": 24, "batch_time": 0.297975, "ips": 80.54375, "peak_mem": 41736511488, "tstamp": 1655102648.58}
{"network": "transformer_lm_gpt3_small", "alg": "ckpt", "batch_size": 25, "batch_time": 0.325062, "ips": 76.908398, "peak_mem": 43046633472, "tstamp": 1655103170.87}
{"network": "transformer_lm_gpt3_small", "alg": "ckpt", "batch_size": 26, "batch_time": 0.341965, "ips": 76.03125, "peak_mem": 44317302784, "tstamp": 1655103716.41}
{"network": "transformer_lm_gpt3_small", "alg": "ckpt", "batch_size": 27, "batch_time": 0.331221, "ips": 81.516602, "peak_mem": 45594525696, "tstamp": 1655104280.22}
{"network": "transformer_lm_gpt3_small", "alg": "ckpt", "batch_size": 28, "batch_time": 0.357426, "ips": 78.337891, "peak_mem": 46882365440, "tstamp": 1655104883.16}
{"network": "transformer_lm_gpt3_small", "alg": "ckpt", "batch_size": 29, "batch_time": 0.365956, "ips": 79.244531, "peak_mem": 48177020928, "tstamp": 1655105500.29}
{"network": "transformer_lm_gpt3_small", "alg": "ckpt", "batch_size": 30, "batch_time": 0.370449, "ips": 80.982812, "peak_mem": 49438777344, "tstamp": 1655106129.36}
{"network": "transformer_lm_gpt3_small", "alg": "ckpt", "batch_size": 31, "batch_time": 0.384247, "ips": 80.677344, "peak_mem": 50724257792, "tstamp": 1655106779.14}
{"network": "transformer_lm_gpt3_small", "alg": "ckpt", "batch_size": 32, "batch_time": 0.393803, "ips": 81.258984, "peak_mem": 52005675008, "tstamp": 1655107445.47}
{"network": "transformer_lm_gpt3_small", "alg": "ckpt", "batch_size": 33,